order_item_id,order_id,product_id,seller_id,quantity,unit_price,line_amount,created_timestamp,updated_timestamp,is_active
1,1,145,25,3,82107.75,246323.25,2024-03-01 10:44:42,2024-03-18 10:44:42,Y
2,1,154,31,3,68079.81,204239.43,2026-04-24 05:31:01,2026-09-11 05:31:01,Y
3,2,59,21,4,42308.11,169232.44,2024-11-01 11:22:25,2025-01-27 11:22:25,Y
4,3,15,30,3,58500.7,175502.1,2023-06-30 15:51:15,2023-08-18 15:51:15,Y
5,3,174,23,1,89471.3,89471.3,2026-01-28 12:54:06,2026-05-29 12:54:06,Y
6,3,70,34,4,38220.89,152883.56,2026-02-04 22:54:31,2026-03-15 22:54:31,Y
7,3,275,11,4,27633.73,110534.92,2024-11-07 03:35:12,2025-03-05 03:35:12,Y
8,3,29,28,3,64172.64,192517.92,2026-06-07 22:02:08,2026-08-22 22:02:08,Y
9,4,275,11,3,27633.73,82901.19,2022-02-28 03:44:51,2022-04-22 03:44:51,Y
10,4,182,35,3,5267.67,15803.01,2022-07-25 17:12:07,2022-09-01 17:12:07,Y
11,4,16,20,2,21284.04,42568.08,2024-11-19 17:02:12,2025-02-23 17:02:12,Y
12,4,293,28,1,22153.28,22153.28,2025-04-25 08:10:00,2025-06-11 08:10:00,Y
13,4,158,30,1,44552.34,44552.34,2024-09-04 02:46:28,2025-03-04 02:46:28,Y
14,5,212,21,2,13147.4,26294.8,2022-09-27 16:06:43,2023-02-01 16:06:43,Y
15,5,191,38,2,19687.08,39374.16,2025-11-05 00:34:40,2026-01-21 00:34:40,Y
16,5,269,38,1,8563.12,8563.12,2024-07-28 06:29:10,2024-09-10 06:29:10,Y
17,6,20,24,4,5636.4,22545.6,2023-09-20 21:32:58,2023-10-13 21:32:58,Y
18,6,260,16,2,23799.81,47599.62,2022-03-19 11:16:16,2022-07-20 11:16:16,Y
19,6,98,22,3,44876.6,134629.8,2024-11-22 16:52:47,2025-03-25 16:52:47,Y
20,7,74,40,2,39502.07,79004.14,2022-11-02 06:10:02,2023-03-14 06:10:02,Y
21,7,106,24,4,25225.34,100901.36,2022-04-24 13:33:17,2022-08-19 13:33:17,Y
22,7,268,33,3,84281.98,252845.94,2022-12-26 21:21:26,2022-12-27 21:21:26,Y
23,8,45,40,1,24633.84,24633.84,2024-11-01 11:53:07,2025-02-28 11:53:07,Y
24,9,267,18,3,40787.86,122363.58,2024-08-28 20:15:27,2024-09-02 20:15:27,Y
25,10,165,33,3,28124.82,84374.46,2023-09-16 02:30:10,2023-11-04 02:30:10,Y
26,10,142,16,4,10067.62,40270.48,2026-07-12 17:21:39,2026-10-01 17:21:39,Y
27,11,140,31,3,87489.71,262469.13,2023-04-09 22:09:37,2023-05-19 22:09:37,Y
28,12,8,38,2,8292.98,16585.96,2026-05-17 03:08:28,2026-06-12 03:08:28,Y
29,13,180,27,3,21810.83,65432.49,2026-09-03 19:40:21,2026-11-23 19:40:21,Y
30,13,73,22,2,11967.2,23934.4,2024-05-30 01:58:13,2024-10-23 01:58:13,Y
31,13,88,1,3,51444.6,154333.8,2022-08-10 08:15:13,2022-10-28 08:15:13,Y
32,13,277,29,2,31051.96,62103.92,2025-10-10 08:45:56,2025-10-22 08:45:56,Y
33,13,15,30,1,58500.7,58500.7,2026-01-02 12:35:18,2026-06-23 12:35:18,Y
34,14,197,36,4,64856.07,259424.28,2022-06-17 03:36:34,2022-07-09 03:36:34,Y
35,15,92,38,3,12179.18,36537.54,2025-10-17 03:57:40,2026-03-23 03:57:40,Y
36,15,160,12,1,71209.94,71209.94,2024-10-29 12:28:36,2024-12-18 12:28:36,Y
37,15,239,38,4,31177.07,124708.28,2023-02-14 11:22:06,2023-03-09 11:22:06,Y
38,15,50,25,4,45122.56,180490.24,2025-11-16 10:49:04,2026-02-03 10:49:04,Y
39,16,119,9,3,48105.33,144315.99,2023-11-27 07:19:27,2024-01-02 07:19:27,Y
40,16,187,16,3,77206.2,231618.6,2025-05-03 03:22:27,2025-06-18 03:22:27,Y
41,16,167,36,1,48468.09,48468.09,2025-11-09 07:14:06,2026-03-13 07:14:06,Y
42,16,34,7,3,59925.69,179777.07,2026-01-16 19:29:56,2026-02-13 19:29:56,Y
43,17,237,22,3,1146.19,3438.57,2023-06-15 15:53:10,2023-08-26 15:53:10,Y
44,17,295,1,1,1218.28,1218.28,2023-01-31 19:11:06,2023-06-10 19:11:06,Y
45,17,208,6,1,3044.27,3044.27,2022-11-29 09:06:13,2023-02-20 09:06:13,Y
46,17,155,4,4,58775.43,235101.72,2026-07-14 04:23:18,2026-11-09 04:23:18,Y
47,18,212,21,2,13147.4,26294.8,2024-01-12 05:27:46,2024-06-18 05:27:46,Y
48,18,281,14,4,82805.49,331221.96,2023-05-10 01:24:43,2023-09-10 01:24:43,Y
49,18,34,7,4,59925.69,239702.76,2024-11-24 13:29:20,2025-01-16 13:29:20,Y
50,18,223,36,2,46994.19,93988.38,2024-11-29 04:20:37,2025-04-17 04:20:37,Y
51,18,89,24,4,45757.03,183028.12,2022-08-31 00:13:39,2023-03-08 00:13:39,Y
52,19,238,34,1,51855.14,51855.14,2024-10-07 21:56:56,2025-02-26 21:56:56,Y
53,20,91,2,1,31162.26,31162.26,2024-08-15 00:48:28,2024-11-26 00:48:28,Y
54,20,56,8,4,81550.86,326203.44,2025-03-23 05:39:11,2025-06-14 05:39:11,Y
55,20,32,8,2,79017.02,158034.04,2022-10-09 06:37:49,2022-12-03 06:37:49,Y
56,20,298,37,2,41075.76,82151.52,2022-01-01 13:44:42,2022-07-13 13:44:42,Y
57,21,232,14,4,74848.11,299392.44,2026-07-09 13:18:19,2026-09-21 13:18:19,Y
58,21,296,34,2,15192.27,30384.54,2025-10-21 06:38:57,2025-12-10 06:38:57,Y
59,22,154,31,3,68079.81,204239.43,2024-08-04 04:54:12,2024-11-23 04:54:12,Y
60,22,46,29,4,67992.89,271971.56,2022-01-26 05:24:54,2022-07-01 05:24:54,Y
61,22,66,22,3,71071.58,213214.74,2024-07-02 23:59:54,2024-07-17 23:59:54,Y
62,23,28,34,3,86768.55,260305.65,2022-01-03 14:52:55,2022-07-02 14:52:55,Y
63,23,57,7,2,15779.21,31558.42,2024-05-26 19:02:46,2024-06-02 19:02:46,Y
64,23,222,39,3,1307.19,3921.57,2025-05-09 22:46:36,2025-10-16 22:46:36,Y
65,23,196,21,4,77793.82,311175.28,2025-06-15 11:59:20,2025-09-20 11:59:20,Y
66,23,280,10,2,960.03,1920.06,2023-10-19 05:24:43,2024-04-05 05:24:43,Y
67,24,72,5,4,45789.54,183158.16,2023-08-08 19:12:36,2023-12-28 19:12:36,Y
68,24,185,28,3,87510.66,262531.98,2025-07-20 07:20:00,2025-08-28 07:20:00,Y
69,24,65,34,1,33681.11,33681.11,2023-02-22 04:27:08,2023-02-24 04:27:08,Y
70,24,9,13,4,78905.16,315620.64,2023-03-24 09:06:40,2023-09-24 09:06:40,Y
71,25,70,34,4,38220.89,152883.56,2022-09-21 00:57:50,2022-10-26 00:57:50,Y
72,25,234,5,2,52484.51,104969.02,2025-08-15 14:48:13,2026-01-21 14:48:13,Y
73,25,233,32,4,21932.5,87730.0,2026-05-02 16:43:45,2026-08-18 16:43:45,Y
74,25,197,36,2,64856.07,129712.14,2025-01-08 21:37:38,2025-03-06 21:37:38,Y
75,26,4,19,2,88018.41,176036.82,2026-03-28 17:16:31,2026-10-01 17:16:31,Y
76,26,257,35,3,41266.46,123799.38,2024-04-16 12:46:06,2024-07-30 12:46:06,Y
77,26,18,7,4,36847.81,147391.24,2022-04-28 15:25:17,2022-09-20 15:25:17,Y
78,26,189,22,4,76271.58,305086.32,2022-12-18 14:08:48,2023-05-15 14:08:48,Y
79,27,73,22,3,11967.2,35901.6,2026-06-24 11:49:44,2027-01-02 11:49:44,Y
80,28,265,18,1,63187.1,63187.1,2022-09-01 01:35:41,2023-01-12 01:35:41,Y
81,28,126,16,1,40572.72,40572.72,2026-01-07 20:32:33,2026-06-17 20:32:33,Y
82,28,277,29,1,31051.96,31051.96,2024-08-28 21:40:05,2025-01-31 21:40:05,Y
83,28,176,25,1,7405.45,7405.45,2026-07-21 06:58:17,2027-02-05 06:58:17,Y
84,29,233,32,3,21932.5,65797.5,2026-05-12 18:55:54,2026-09-09 18:55:54,Y
85,29,216,21,3,70561.62,211684.86,2025-01-01 11:12:54,2025-03-17 11:12:54,Y
86,29,86,16,3,56127.39,168382.17,2022-04-20 18:06:54,2022-10-14 18:06:54,Y
87,29,289,38,4,19572.72,78290.88,2024-03-20 04:02:53,2024-04-04 04:02:53,Y
88,30,87,35,3,51838.26,155514.78,2022-06-10 09:03:26,2022-11-25 09:03:26,Y
89,30,14,2,1,82388.98,82388.98,2024-06-10 02:31:31,2024-10-12 02:31:31,Y
90,30,65,34,3,33681.11,101043.33,2026-04-20 19:58:43,2026-05-09 19:58:43,Y
91,30,130,16,3,4568.5,13705.5,2023-02-16 18:48:22,2023-07-23 18:48:22,Y
92,30,141,4,1,47275.06,47275.06,2024-03-09 08:00:27,2024-03-12 08:00:27,Y
93,31,90,25,4,57282.24,229128.96,2023-04-15 13:29:16,2023-09-30 13:29:16,Y
94,31,190,18,2,54341.4,108682.8,2023-06-29 22:43:28,2023-09-03 22:43:28,Y
95,31,249,23,1,15691.97,15691.97,2023-07-16 18:06:36,2023-11-28 18:06:36,Y
96,31,176,25,2,7405.45,14810.9,2022-09-20 05:25:44,2022-10-27 05:25:44,Y
97,31,254,1,4,73405.39,293621.56,2025-07-06 23:37:31,2026-01-19 23:37:31,Y
98,32,226,40,3,12365.96,37097.88,2023-06-04 17:32:38,2023-07-27 17:32:38,Y
99,32,28,34,1,86768.55,86768.55,2024-04-01 10:45:24,2024-10-11 10:45:24,Y
100,33,86,16,4,56127.39,224509.56,2025-12-12 15:27:39,2026-03-24 15:27:39,Y
101,34,244,36,4,38486.97,153947.88,2026-07-13 11:37:52,2026-09-10 11:37:52,Y
102,34,200,9,2,16726.49,33452.98,2026-01-14 11:57:50,2026-03-22 11:57:50,Y
103,34,272,4,3,70592.3,211776.9,2025-09-12 16:08:28,2025-09-15 16:08:28,Y
104,35,196,21,1,77793.82,77793.82,2024-09-07 19:26:59,2025-01-20 19:26:59,Y
105,35,50,25,3,45122.56,135367.68,2026-07-09 16:06:12,2026-12-19 16:06:12,Y
106,35,222,39,3,1307.19,3921.57,2024-04-26 21:49:40,2024-07-20 21:49:40,Y
107,35,137,21,4,14791.68,59166.72,2022-11-02 08:02:54,2023-01-06 08:02:54,Y
108,36,124,4,3,43684.75,131054.25,2023-08-29 14:42:44,2024-01-09 14:42:44,Y
109,36,93,12,1,41922.14,41922.14,2024-08-31 07:05:29,2025-01-18 07:05:29,Y
110,36,5,37,4,67070.26,268281.04,2022-07-31 02:51:55,2022-08-03 02:51:55,Y
111,36,51,26,4,39371.52,157486.08,2026-06-20 22:32:33,2026-07-16 22:32:33,Y
112,37,113,40,2,27973.31,55946.62,2024-05-30 04:09:24,2024-08-02 04:09:24,Y
113,37,18,7,1,36847.81,36847.81,2022-03-15 15:14:07,2022-08-20 15:14:07,Y
114,37,30,39,1,24895.44,24895.44,2023-11-05 15:37:20,2024-04-06 15:37:20,Y
115,38,45,40,2,24633.84,49267.68,2023-02-08 14:35:13,2023-05-15 14:35:13,Y
116,39,95,21,4,35959.52,143838.08,2024-02-27 02:04:55,2024-05-12 02:04:55,Y
117,40,233,32,4,21932.5,87730.0,2024-05-08 16:39:06,2024-11-20 16:39:06,Y
118,41,132,26,1,4792.96,4792.96,2023-05-19 05:03:44,2023-12-04 05:03:44,Y
119,41,142,16,4,10067.62,40270.48,2022-07-13 19:56:24,2022-10-18 19:56:24,Y
120,41,171,14,3,8365.56,25096.68,2022-07-06 14:17:51,2022-09-10 14:17:51,Y
121,42,226,40,2,12365.96,24731.92,2022-08-04 14:43:32,2022-12-07 14:43:32,Y
122,42,202,15,4,1019.9,4079.6,2023-07-09 09:36:44,2023-12-21 09:36:44,Y
123,43,74,40,4,39502.07,158008.28,2026-08-07 16:27:18,2027-02-19 16:27:18,Y
124,44,55,20,3,30108.56,90325.68,2025-10-03 22:43:06,2026-04-04 22:43:06,Y
125,44,53,2,1,85294.76,85294.76,2022-04-19 07:25:00,2022-05-07 07:25:00,Y
126,45,129,32,4,2280.23,9120.92,2025-10-17 07:22:33,2025-10-21 07:22:33,Y
127,45,77,19,4,47564.89,190259.56,2022-01-03 16:41:44,2022-01-12 16:41:44,Y
128,45,137,21,3,14791.68,44375.04,2023-04-17 00:40:21,2023-10-13 00:40:21,Y
129,45,201,3,4,4555.59,18222.36,2022-01-12 12:10:18,2022-05-23 12:10:18,Y
130,45,245,12,1,39004.67,39004.67,2025-09-16 18:48:58,2025-12-28 18:48:58,Y
131,46,116,38,4,39048.12,156192.48,2022-01-11 06:36:52,2022-04-19 06:36:52,Y
132,46,63,39,3,86202.47,258607.41,2026-07-22 03:09:52,2026-10-21 03:09:52,Y
133,46,156,27,1,89745.03,89745.03,2025-05-29 16:00:16,2025-06-12 16:00:16,Y
134,46,188,36,1,47792.26,47792.26,2026-07-20 00:37:32,2026-10-15 00:37:32,Y
135,46,236,16,2,15136.2,30272.4,2024-06-19 20:53:07,2024-12-01 20:53:07,Y
136,47,284,39,2,25784.89,51569.78,2022-05-03 04:44:42,2022-08-09 04:44:42,Y
137,47,154,31,3,68079.81,204239.43,2025-04-27 00:18:59,2025-05-24 00:18:59,Y
138,48,44,21,2,7828.14,15656.28,2025-09-22 18:26:06,2026-03-29 18:26:06,Y
139,48,72,5,1,45789.54,45789.54,2022-04-21 21:51:27,2022-06-09 21:51:27,Y
140,48,123,20,1,72698.97,72698.97,2026-02-28 23:49:23,2026-06-07 23:49:23,Y
141,48,277,29,4,31051.96,124207.84,2024-08-14 02:04:39,2024-12-19 02:04:39,Y
142,49,19,24,3,85558.85,256676.55,2024-11-20 02:55:52,2024-12-04 02:55:52,Y
143,50,208,6,4,3044.27,12177.08,2023-01-03 04:40:11,2023-02-26 04:40:11,Y
144,51,77,19,1,47564.89,47564.89,2023-12-25 20:40:11,2024-01-12 20:40:11,Y
145,51,73,22,1,11967.2,11967.2,2026-02-27 22:37:54,2026-08-13 22:37:54,Y
146,51,242,29,2,4211.54,8423.08,2022-05-23 07:13:19,2022-07-24 07:13:19,Y
147,51,8,38,1,8292.98,8292.98,2023-06-20 03:49:00,2023-11-28 03:49:00,Y
148,51,158,30,2,44552.34,89104.68,2022-10-30 06:38:06,2023-02-23 06:38:06,Y
149,52,33,29,4,30635.06,122540.24,2022-11-27 08:37:44,2022-12-26 08:37:44,Y
150,52,113,40,4,27973.31,111893.24,2022-07-16 01:49:51,2022-09-05 01:49:51,Y
151,52,173,2,1,67172.24,67172.24,2025-06-02 23:56:04,2025-08-24 23:56:04,Y
152,52,295,1,3,1218.28,3654.84,2026-08-24 00:07:15,2026-09-28 00:07:15,Y
153,52,110,21,2,6030.53,12061.06,2022-05-22 15:10:45,2022-10-20 15:10:45,Y
154,53,33,29,2,30635.06,61270.12,2023-01-11 03:26:11,2023-03-22 03:26:11,Y
155,53,213,20,3,51088.29,153264.87,2023-06-07 02:46:46,2023-12-02 02:46:46,Y
156,53,284,39,2,25784.89,51569.78,2023-05-28 15:44:54,2023-09-17 15:44:54,Y
157,54,21,6,4,57625.46,230501.84,2023-02-19 08:51:13,2023-03-16 08:51:13,Y
158,54,81,2,1,45279.24,45279.24,2022-02-18 13:28:52,2022-06-22 13:28:52,Y
159,54,4,19,1,88018.41,88018.41,2022-01-23 10:39:37,2022-03-09 10:39:37,Y
160,54,146,17,4,86167.9,344671.6,2025-07-17 03:46:47,2026-01-10 03:46:47,Y
161,54,65,34,3,33681.11,101043.33,2023-10-03 12:25:13,2023-11-08 12:25:13,Y
162,55,231,35,2,49597.9,99195.8,2025-07-04 03:16:57,2025-09-03 03:16:57,Y
163,55,20,24,4,5636.4,22545.6,2023-07-14 05:48:27,2024-01-13 05:48:27,Y
164,55,46,29,4,67992.89,271971.56,2024-07-24 19:04:56,2024-10-21 19:04:56,Y
165,55,3,20,1,9776.46,9776.46,2024-01-03 02:31:04,2024-02-21 02:31:04,Y
166,55,272,4,3,70592.3,211776.9,2022-10-25 06:42:18,2023-04-01 06:42:18,Y
167,56,260,16,2,23799.81,47599.62,2023-11-13 06:24:48,2024-03-10 06:24:48,Y
168,56,142,16,1,10067.62,10067.62,2022-06-14 21:06:47,2022-08-02 21:06:47,Y
169,56,77,19,2,47564.89,95129.78,2026-01-13 22:47:06,2026-05-20 22:47:06,Y
170,56,82,15,3,75557.03,226671.09,2022-05-14 22:55:56,2022-05-27 22:55:56,Y
171,56,146,17,3,86167.9,258503.7,2023-10-14 04:08:41,2024-02-02 04:08:41,Y
172,57,233,32,1,21932.5,21932.5,2022-05-15 13:59:08,2022-06-10 13:59:08,Y
173,57,276,6,1,19364.22,19364.22,2023-07-01 11:07:50,2023-08-10 11:07:50,Y
174,57,249,23,1,15691.97,15691.97,2026-05-19 18:00:14,2026-06-17 18:00:14,Y
175,58,228,21,2,43214.07,86428.14,2024-10-09 18:15:26,2025-01-24 18:15:26,Y
176,58,167,36,1,48468.09,48468.09,2023-12-16 18:45:28,2024-07-02 18:45:28,Y
177,59,117,34,4,14743.63,58974.52,2022-11-01 16:11:31,2022-12-31 16:11:31,Y
178,59,103,33,1,14565.81,14565.81,2025-03-12 17:43:27,2025-05-07 17:43:27,Y
179,59,242,29,4,4211.54,16846.16,2026-02-14 00:03:26,2026-02-27 00:03:26,Y
180,60,111,12,4,20335.9,81343.6,2025-11-14 14:34:42,2025-12-29 14:34:42,Y
181,60,192,1,2,10733.99,21467.98,2023-02-28 19:03:55,2023-06-25 19:03:55,Y
182,61,139,24,2,88193.84,176387.68,2023-09-21 05:56:13,2023-12-15 05:56:13,Y
183,61,17,24,2,85147.47,170294.94,2022-07-05 07:57:17,2022-09-14 07:57:17,Y
184,61,57,7,4,15779.21,63116.84,2025-12-17 08:45:10,2026-04-13 08:45:10,Y
185,62,176,25,2,7405.45,14810.9,2023-11-15 01:28:11,2024-01-29 01:28:11,Y
186,62,88,1,1,51444.6,51444.6,2026-09-14 08:26:51,2026-11-11 08:26:51,Y
187,63,268,33,4,84281.98,337127.92,2026-02-28 22:23:40,2026-04-24 22:23:40,Y
188,63,237,22,4,1146.19,4584.76,2024-05-17 08:29:22,2024-05-20 08:29:22,Y
189,63,127,25,4,22493.67,89974.68,2024-02-09 23:39:06,2024-05-02 23:39:06,Y
190,63,297,8,2,72677.28,145354.56,2023-11-22 23:50:19,2024-04-21 23:50:19,Y
191,64,3,20,1,9776.46,9776.46,2025-07-21 23:19:37,2025-08-01 23:19:37,Y
192,64,241,22,4,46995.11,187980.44,2026-04-16 13:05:41,2026-04-24 13:05:41,Y
193,64,272,4,1,70592.3,70592.3,2025-05-10 02:38:31,2025-09-09 02:38:31,Y
194,64,232,14,1,74848.11,74848.11,2026-03-19 19:07:46,2026-05-19 19:07:46,Y
195,64,286,4,4,44639.92,178559.68,2022-02-08 14:19:31,2022-08-04 14:19:31,Y
196,65,68,6,2,82522.83,165045.66,2025-01-18 12:39:52,2025-04-03 12:39:52,Y
197,65,47,19,3,43898.62,131695.86,2022-02-19 11:50:20,2022-06-21 11:50:20,Y
198,66,236,16,4,15136.2,60544.8,2022-03-17 20:24:01,2022-07-11 20:24:01,Y
199,66,71,12,3,43866.13,131598.39,2025-06-13 09:51:37,2025-07-30 09:51:37,Y
200,67,1,1,3,81127.61,243382.83,2022-08-08 15:40:09,2022-11-14 15:40:09,Y
201,67,272,4,4,70592.3,282369.2,2022-04-12 15:20:45,2022-06-26 15:20:45,Y
202,67,139,24,2,88193.84,176387.68,2026-08-13 06:53:35,2027-01-07 06:53:35,Y
203,67,42,10,1,6447.77,6447.77,2024-11-08 23:12:32,2025-05-15 23:12:32,Y
204,68,187,16,4,77206.2,308824.8,2022-06-10 04:47:05,2022-07-08 04:47:05,Y
205,68,188,36,1,47792.26,47792.26,2025-12-16 19:13:30,2026-05-23 19:13:30,Y
206,68,188,36,1,47792.26,47792.26,2025-02-12 11:13:29,2025-03-28 11:13:29,Y
207,68,288,37,3,61527.2,184581.6,2023-09-29 00:28:38,2023-11-03 00:28:38,Y
208,68,123,20,4,72698.97,290795.88,2026-08-04 14:00:53,2026-09-02 14:00:53,Y
209,69,108,29,3,62518.46,187555.38,2023-12-02 09:49:04,2024-02-22 09:49:04,Y
210,69,137,21,4,14791.68,59166.72,2026-04-14 12:36:00,2026-10-05 12:36:00,Y
211,69,142,16,3,10067.62,30202.86,2022-06-19 04:49:54,2022-07-05 04:49:54,Y
212,69,177,23,1,35495.67,35495.67,2025-11-06 14:10:59,2026-03-10 14:10:59,Y
213,69,241,22,3,46995.11,140985.33,2026-07-11 13:40:20,2026-12-31 13:40:20,Y
214,70,189,22,4,76271.58,305086.32,2022-07-23 21:32:53,2022-09-09 21:32:53,Y
215,70,45,40,2,24633.84,49267.68,2022-09-07 01:56:18,2022-12-16 01:56:18,Y
216,70,148,23,2,24755.49,49510.98,2022-08-28 01:36:26,2022-09-24 01:36:26,Y
217,70,142,16,2,10067.62,20135.24,2022-12-15 01:09:28,2023-06-11 01:09:28,Y
218,71,78,9,1,57776.88,57776.88,2023-09-27 14:26:35,2024-02-07 14:26:35,Y
219,71,151,18,2,24590.61,49181.22,2025-07-18 03:13:27,2026-01-08 03:13:27,Y
220,71,243,7,4,83706.04,334824.16,2024-12-13 03:50:38,2025-03-30 03:50:38,Y
221,71,11,5,1,77439.63,77439.63,2024-06-24 17:04:04,2024-08-11 17:04:04,Y
222,72,119,9,3,48105.33,144315.99,2026-06-03 09:42:41,2026-11-15 09:42:41,Y
223,73,297,8,3,72677.28,218031.84,2024-12-01 00:27:35,2025-05-17 00:27:35,Y
224,73,249,23,4,15691.97,62767.88,2026-07-06 04:03:33,2026-11-23 04:03:33,Y
225,73,235,3,2,80615.04,161230.08,2024-08-02 18:01:21,2024-12-25 18:01:21,Y
226,73,157,19,2,26994.62,53989.24,2023-06-18 13:38:52,2023-08-23 13:38:52,Y
227,74,191,38,1,19687.08,19687.08,2024-06-14 05:44:40,2024-12-28 05:44:40,Y
228,74,76,31,4,61110.95,244443.8,2025-01-02 02:36:09,2025-03-15 02:36:09,Y
229,74,86,16,3,56127.39,168382.17,2023-05-15 13:21:45,2023-11-13 13:21:45,Y
230,74,94,5,2,3520.14,7040.28,2023-06-29 19:44:25,2023-12-27 19:44:25,Y
231,75,122,14,3,55705.14,167115.42,2022-12-30 05:59:18,2023-01-09 05:59:18,Y
232,75,295,1,3,1218.28,3654.84,2023-01-28 22:32:55,2023-05-20 22:32:55,Y
233,76,95,21,1,35959.52,35959.52,2023-09-30 09:29:32,2024-02-20 09:29:32,Y
234,76,163,16,3,85871.33,257613.99,2024-12-04 07:05:30,2025-01-10 07:05:30,Y
235,76,230,25,3,32977.4,98932.2,2026-08-05 07:22:14,2026-09-15 07:22:14,Y
236,77,13,17,2,84637.21,169274.42,2025-06-10 22:21:13,2025-10-15 22:21:13,Y
237,78,164,24,3,60166.19,180498.57,2023-04-30 20:10:31,2023-05-01 20:10:31,Y
238,78,152,4,2,57486.42,114972.84,2026-01-12 09:20:26,2026-03-27 09:20:26,Y
239,78,290,19,1,69085.48,69085.48,2025-10-05 13:46:40,2025-12-30 13:46:40,Y
240,78,246,38,1,63484.26,63484.26,2022-05-05 12:38:59,2022-06-09 12:38:59,Y
241,79,13,17,2,84637.21,169274.42,2025-06-01 19:41:51,2025-11-06 19:41:51,Y
242,79,229,19,3,44291.46,132874.38,2025-01-15 09:11:40,2025-02-07 09:11:40,Y
243,79,29,28,2,64172.64,128345.28,2023-08-30 07:25:10,2024-01-26 07:25:10,Y
244,80,101,28,4,31767.92,127071.68,2022-03-12 01:20:56,2022-04-02 01:20:56,Y
245,80,45,40,2,24633.84,49267.68,2026-05-10 01:38:36,2026-08-18 01:38:36,Y
246,80,252,12,1,62469.28,62469.28,2024-09-14 05:44:23,2025-02-15 05:44:23,Y
247,81,204,35,4,1701.01,6804.04,2023-04-05 15:38:55,2023-10-05 15:38:55,Y
248,81,190,18,1,54341.4,54341.4,2025-04-14 14:38:37,2025-07-18 14:38:37,Y
249,81,146,17,3,86167.9,258503.7,2024-12-07 15:06:55,2025-03-06 15:06:55,Y
250,82,288,37,4,61527.2,246108.8,2022-09-30 03:49:39,2022-11-24 03:49:39,Y
251,82,213,20,2,51088.29,102176.58,2025-10-06 19:31:01,2025-12-18 19:31:01,Y
252,82,218,40,1,64236.15,64236.15,2025-07-10 20:31:38,2025-08-14 20:31:38,Y
253,82,74,40,4,39502.07,158008.28,2023-10-08 13:28:56,2023-12-24 13:28:56,Y
254,83,172,9,4,50838.22,203352.88,2022-07-25 09:56:58,2022-12-23 09:56:58,Y
255,83,46,29,3,67992.89,203978.67,2022-01-21 13:32:18,2022-05-05 13:32:18,Y
256,83,213,20,4,51088.29,204353.16,2023-06-28 08:58:05,2023-11-17 08:58:05,Y
257,83,291,35,2,25115.6,50231.2,2023-03-02 10:01:12,2023-04-22 10:01:12,Y
258,83,196,21,4,77793.82,311175.28,2024-06-18 07:56:17,2024-11-06 07:56:17,Y
259,84,155,4,4,58775.43,235101.72,2024-08-02 05:29:55,2024-12-06 05:29:55,Y
260,85,14,2,3,82388.98,247166.94,2022-01-08 14:26:14,2022-02-16 14:26:14,Y
261,85,154,31,3,68079.81,204239.43,2026-01-08 03:13:25,2026-02-08 03:13:25,Y
262,86,92,38,2,12179.18,24358.36,2026-03-09 05:42:56,2026-09-01 05:42:56,Y
263,86,15,30,3,58500.7,175502.1,2023-01-06 19:43:42,2023-07-20 19:43:42,Y
264,86,253,11,3,17000.45,51001.35,2022-07-27 07:21:49,2022-12-27 07:21:49,Y
265,86,298,37,4,41075.76,164303.04,2026-02-01 19:37:33,2026-06-25 19:37:33,Y
266,87,244,36,1,38486.97,38486.97,2023-01-07 12:48:21,2023-04-12 12:48:21,Y
267,87,133,19,1,40640.82,40640.82,2023-05-21 22:46:11,2023-10-16 22:46:11,Y
268,87,75,40,2,70584.27,141168.54,2024-09-20 05:09:05,2025-01-16 05:09:05,Y
269,88,84,40,3,23180.97,69542.91,2022-06-14 07:38:23,2022-08-22 07:38:23,Y
270,88,215,23,3,21045.53,63136.59,2025-01-11 00:06:55,2025-01-23 00:06:55,Y
271,88,150,6,1,23227.67,23227.67,2026-07-04 10:45:27,2026-12-14 10:45:27,Y
272,89,100,19,1,29646.21,29646.21,2023-07-24 07:55:25,2024-02-04 07:55:25,Y
273,89,86,16,3,56127.39,168382.17,2026-08-17 06:07:48,2026-11-07 06:07:48,Y
274,89,155,4,3,58775.43,176326.29,2024-04-23 09:26:52,2024-10-15 09:26:52,Y
275,89,50,25,3,45122.56,135367.68,2026-07-19 09:16:03,2026-12-14 09:16:03,Y
276,89,74,40,3,39502.07,118506.21,2022-02-10 01:43:11,2022-03-17 01:43:11,Y
277,90,249,23,2,15691.97,31383.94,2025-07-04 00:32:12,2025-09-29 00:32:12,Y
278,90,53,2,2,85294.76,170589.52,2023-11-08 22:01:41,2023-12-17 22:01:41,Y
279,90,97,22,1,33247.12,33247.12,2026-06-22 03:30:55,2026-11-05 03:30:55,Y
280,91,236,16,2,15136.2,30272.4,2022-08-26 08:49:16,2022-09-24 08:49:16,Y
281,91,9,13,3,78905.16,236715.48,2026-01-29 19:28:15,2026-04-28 19:28:15,Y
282,91,186,21,3,13598.74,40796.22,2023-03-08 21:38:00,2023-06-29 21:38:00,Y
283,91,89,24,1,45757.03,45757.03,2024-08-04 14:54:18,2024-08-11 14:54:18,Y
284,92,66,22,2,71071.58,142143.16,2023-03-19 07:04:53,2023-09-11 07:04:53,Y
285,92,158,30,2,44552.34,89104.68,2023-01-25 10:20:22,2023-03-19 10:20:22,Y
286,93,218,40,1,64236.15,64236.15,2022-12-14 02:36:38,2023-01-02 02:36:38,Y
287,94,221,36,1,2557.32,2557.32,2022-05-13 02:17:34,2022-07-02 02:17:34,Y
288,94,17,24,1,85147.47,85147.47,2026-05-15 07:47:00,2026-10-13 07:47:00,Y
289,94,241,22,1,46995.11,46995.11,2023-01-05 11:28:58,2023-03-10 11:28:58,Y
290,94,34,7,1,59925.69,59925.69,2024-07-26 04:20:29,2025-01-12 04:20:29,Y
291,95,64,6,2,3713.96,7427.92,2023-10-01 03:49:20,2024-02-28 03:49:20,Y
292,96,180,27,2,21810.83,43621.66,2022-04-01 21:43:04,2022-04-24 21:43:04,Y
293,96,143,10,2,37050.89,74101.78,2024-12-16 16:34:20,2025-03-16 16:34:20,Y
294,97,124,4,1,43684.75,43684.75,2026-04-18 16:45:39,2026-09-10 16:45:39,Y
295,97,51,26,2,39371.52,78743.04,2022-02-13 10:44:44,2022-06-28 10:44:44,Y
296,97,99,6,1,38867.52,38867.52,2024-05-25 16:45:56,2024-07-07 16:45:56,Y
297,97,51,26,4,39371.52,157486.08,2023-10-27 22:08:37,2024-03-04 22:08:37,Y
298,97,188,36,1,47792.26,47792.26,2023-07-30 03:58:42,2023-11-19 03:58:42,Y
299,98,182,35,2,5267.67,10535.34,2025-03-25 10:09:00,2025-07-11 10:09:00,Y
300,98,264,37,1,73402.25,73402.25,2023-12-08 23:40:19,2024-03-21 23:40:19,Y
301,99,64,6,2,3713.96,7427.92,2025-12-18 12:08:54,2026-01-15 12:08:54,Y
302,99,254,1,3,73405.39,220216.17,2025-01-27 08:47:10,2025-07-26 08:47:10,Y
303,99,286,4,3,44639.92,133919.76,2022-05-07 03:59:38,2022-05-28 03:59:38,Y
304,100,60,4,4,28073.62,112294.48,2025-04-10 11:21:35,2025-06-21 11:21:35,Y
305,100,160,12,4,71209.94,284839.76,2025-10-11 07:44:56,2025-12-07 07:44:56,Y
306,100,149,26,1,72453.5,72453.5,2025-08-22 15:08:05,2025-10-09 15:08:05,Y
307,100,244,36,1,38486.97,38486.97,2025-02-15 14:24:58,2025-04-01 14:24:58,Y
308,101,54,28,1,39322.75,39322.75,2025-05-16 11:28:16,2025-09-05 11:28:16,Y
309,101,62,36,4,40585.09,162340.36,2023-03-22 10:15:36,2023-07-01 10:15:36,Y
310,101,53,2,3,85294.76,255884.28,2023-06-09 04:54:53,2023-06-25 04:54:53,Y
311,101,102,28,4,85320.81,341283.24,2024-11-18 02:12:21,2025-01-08 02:12:21,Y
312,102,120,38,4,56277.23,225108.92,2025-08-12 12:14:26,2026-02-13 12:14:26,Y
313,103,298,37,4,41075.76,164303.04,2024-04-28 02:19:35,2024-11-07 02:19:35,Y
314,103,183,37,4,69572.93,278291.72,2026-01-18 08:10:44,2026-07-07 08:10:44,Y
315,103,249,23,2,15691.97,31383.94,2026-05-08 21:49:48,2026-07-18 21:49:48,Y
316,104,56,8,4,81550.86,326203.44,2023-01-15 15:09:04,2023-03-20 15:09:04,Y
317,104,255,32,2,37522.61,75045.22,2023-12-19 03:19:13,2024-05-27 03:19:13,Y
318,104,16,20,1,21284.04,21284.04,2022-11-06 10:58:00,2023-05-13 10:58:00,Y
319,104,35,31,1,8571.06,8571.06,2026-03-28 15:37:50,2026-09-17 15:37:50,Y
320,105,196,21,3,77793.82,233381.46,2024-10-12 19:35:52,2024-11-20 19:35:52,Y
321,105,50,25,4,45122.56,180490.24,2022-08-26 17:32:24,2023-02-11 17:32:24,Y
322,106,104,9,4,58134.63,232538.52,2024-07-01 01:38:18,2024-12-17 01:38:18,Y
323,106,252,12,3,62469.28,187407.84,2026-04-18 08:13:30,2026-06-23 08:13:30,Y
324,106,277,29,1,31051.96,31051.96,2026-08-26 06:56:39,2026-08-30 06:56:39,Y
325,106,221,36,4,2557.32,10229.28,2023-01-06 03:16:58,2023-04-14 03:16:58,Y
326,107,193,39,1,82377.36,82377.36,2025-10-06 23:22:40,2026-01-31 23:22:40,Y
327,107,17,24,3,85147.47,255442.41,2023-07-04 12:19:16,2023-11-23 12:19:16,Y
328,107,85,39,2,69899.3,139798.6,2026-03-07 23:22:32,2026-06-25 23:22:32,Y
329,108,200,9,1,16726.49,16726.49,2026-02-23 11:16:24,2026-09-06 11:16:24,Y
330,108,292,10,4,52861.06,211444.24,2026-03-05 02:20:09,2026-08-20 02:20:09,Y
331,108,244,36,1,38486.97,38486.97,2023-05-01 15:23:23,2023-09-07 15:23:23,Y
332,109,135,10,4,36243.56,144974.24,2026-03-17 22:50:38,2026-08-15 22:50:38,Y
333,109,181,39,1,22176.13,22176.13,2024-06-02 17:12:00,2024-08-23 17:12:00,Y
334,109,15,30,3,58500.7,175502.1,2022-05-21 04:16:33,2022-06-22 04:16:33,Y
335,109,179,16,3,24952.35,74857.05,2022-03-25 13:47:50,2022-10-06 13:47:50,Y
336,110,50,25,3,45122.56,135367.68,2025-08-23 05:02:35,2025-11-19 05:02:35,Y
337,110,211,3,2,83316.52,166633.04,2024-12-27 08:32:04,2025-01-10 08:32:04,Y
338,110,127,25,3,22493.67,67481.01,2023-12-30 22:41:26,2024-06-12 22:41:26,Y
339,110,44,21,1,7828.14,7828.14,2022-07-23 12:03:05,2022-10-09 12:03:05,Y
340,111,87,35,3,51838.26,155514.78,2022-03-03 05:49:56,2022-07-18 05:49:56,Y
341,111,20,24,4,5636.4,22545.6,2025-12-02 23:53:41,2026-05-19 23:53:41,Y
342,111,291,35,3,25115.6,75346.8,2026-05-19 07:16:27,2026-09-03 07:16:27,Y
343,112,241,22,4,46995.11,187980.44,2022-03-11 02:04:10,2022-05-31 02:04:10,Y
344,113,200,9,1,16726.49,16726.49,2024-09-28 17:28:47,2025-02-21 17:28:47,Y
345,113,251,24,2,35083.0,70166.0,2022-11-07 20:46:00,2023-05-02 20:46:00,Y
346,113,173,2,3,67172.24,201516.72,2026-03-24 06:58:38,2026-07-30 06:58:38,Y
347,113,86,16,4,56127.39,224509.56,2024-07-19 13:53:48,2024-10-20 13:53:48,Y
348,113,104,9,1,58134.63,58134.63,2026-03-24 23:24:19,2026-09-02 23:24:19,Y
349,114,110,21,1,6030.53,6030.53,2024-06-11 18:47:01,2024-08-17 18:47:01,Y
350,114,153,31,1,12543.54,12543.54,2025-06-03 01:19:55,2025-07-30 01:19:55,Y
351,114,297,8,3,72677.28,218031.84,2022-10-22 07:51:00,2023-03-22 07:51:00,Y
352,114,140,31,4,87489.71,349958.84,2022-07-28 23:59:52,2022-12-20 23:59:52,Y
353,114,219,10,1,32589.88,32589.88,2023-10-14 15:17:07,2024-01-10 15:17:07,Y
354,115,259,3,3,49261.52,147784.56,2024-07-20 18:50:15,2024-11-07 18:50:15,Y
355,115,103,33,3,14565.81,43697.43,2025-07-11 05:30:35,2025-10-21 05:30:35,Y
356,115,264,37,2,73402.25,146804.5,2025-11-09 03:10:27,2026-04-29 03:10:27,Y
357,116,265,18,4,63187.1,252748.4,2023-08-03 13:21:04,2023-12-28 13:21:04,Y
358,117,240,27,4,74851.33,299405.32,2024-04-12 10:45:08,2024-09-22 10:45:08,Y
359,117,290,19,2,69085.48,138170.96,2022-07-06 01:06:00,2022-11-16 01:06:00,Y
360,118,237,22,2,1146.19,2292.38,2023-04-05 00:34:05,2023-06-05 00:34:05,Y
361,118,154,31,3,68079.81,204239.43,2025-09-14 16:56:27,2025-12-28 16:56:27,Y
362,118,33,29,3,30635.06,91905.18,2023-09-25 10:23:14,2024-01-08 10:23:14,Y
363,119,83,3,2,74832.72,149665.44,2024-03-07 18:02:49,2024-08-29 18:02:49,Y
364,119,208,6,2,3044.27,6088.54,2024-01-11 22:36:47,2024-02-09 22:36:47,Y
365,119,99,6,3,38867.52,116602.56,2022-03-28 01:46:23,2022-05-29 01:46:23,Y
366,120,249,23,1,15691.97,15691.97,2025-09-17 00:25:37,2026-01-03 00:25:37,Y
367,120,104,9,2,58134.63,116269.26,2023-05-11 02:37:48,2023-07-19 02:37:48,Y
368,120,15,30,2,58500.7,117001.4,2024-03-13 19:27:54,2024-05-23 19:27:54,Y
369,120,22,16,1,18626.46,18626.46,2026-02-18 11:00:09,2026-09-06 11:00:09,Y
370,121,43,34,3,40936.39,122809.17,2024-09-02 06:26:10,2025-02-03 06:26:10,Y
371,122,209,31,1,63314.49,63314.49,2025-02-03 03:37:17,2025-07-24 03:37:17,Y
372,123,72,5,1,45789.54,45789.54,2024-01-04 08:30:15,2024-02-01 08:30:15,Y
373,123,268,33,4,84281.98,337127.92,2026-06-20 22:14:05,2026-08-23 22:14:05,Y
374,123,47,19,1,43898.62,43898.62,2024-01-10 16:17:49,2024-06-11 16:17:49,Y
375,123,161,40,4,74462.69,297850.76,2024-10-20 01:20:13,2025-03-18 01:20:13,Y
376,124,217,36,1,61235.6,61235.6,2023-11-09 07:53:00,2023-12-15 07:53:00,Y
377,124,90,25,4,57282.24,229128.96,2023-10-28 05:05:49,2024-01-06 05:05:49,Y
378,125,131,35,3,12226.36,36679.08,2022-06-23 18:06:00,2022-10-26 18:06:00,Y
379,125,58,32,4,68435.97,273743.88,2024-09-10 07:12:03,2025-01-27 07:12:03,Y
380,125,244,36,2,38486.97,76973.94,2024-02-05 08:56:24,2024-04-16 08:56:24,Y
381,125,186,21,3,13598.74,40796.22,2026-01-16 11:06:14,2026-07-18 11:06:14,Y
382,126,11,5,1,77439.63,77439.63,2022-04-19 03:34:44,2022-10-25 03:34:44,Y
383,126,123,20,4,72698.97,290795.88,2024-02-25 23:46:19,2024-07-15 23:46:19,Y
384,126,159,18,1,29894.43,29894.43,2025-02-01 08:26:12,2025-07-26 08:26:12,Y
385,127,122,14,1,55705.14,55705.14,2025-10-06 11:56:37,2026-01-13 11:56:37,Y
386,127,202,15,1,1019.9,1019.9,2024-03-04 21:58:23,2024-05-20 21:58:23,Y
387,127,121,3,2,4281.47,8562.94,2024-07-13 01:27:32,2024-09-04 01:27:32,Y
388,127,225,20,4,32628.02,130512.08,2024-09-12 10:58:46,2025-03-27 10:58:46,Y
389,127,18,7,4,36847.81,147391.24,2024-05-01 09:38:38,2024-05-21 09:38:38,Y
390,128,212,21,4,13147.4,52589.6,2024-10-30 17:33:58,2025-05-01 17:33:58,Y
391,128,52,37,3,63912.01,191736.03,2023-05-14 04:03:59,2023-11-08 04:03:59,Y
392,128,260,16,4,23799.81,95199.24,2022-07-26 04:41:58,2022-10-24 04:41:58,Y
393,128,281,14,1,82805.49,82805.49,2024-10-12 05:36:49,2025-02-05 05:36:49,Y
394,129,95,21,2,35959.52,71919.04,2025-10-09 14:40:15,2026-03-22 14:40:15,Y
395,130,206,7,3,17434.5,52303.5,2023-09-14 14:41:49,2024-02-21 14:41:49,Y
396,131,295,1,2,1218.28,2436.56,2022-09-13 11:39:58,2022-10-11 11:39:58,Y
397,131,128,37,2,68727.3,137454.6,2026-05-24 07:01:52,2026-11-22 07:01:52,Y
398,131,211,3,4,83316.52,333266.08,2024-09-19 08:07:31,2025-01-12 08:07:31,Y
399,132,134,7,3,88812.53,266437.59,2023-06-23 23:32:00,2023-12-15 23:32:00,Y
400,132,145,25,4,82107.75,328431.0,2023-09-10 05:26:26,2023-10-01 05:26:26,Y
401,133,94,5,2,3520.14,7040.28,2025-05-07 13:03:08,2025-08-11 13:03:08,Y
402,133,11,5,2,77439.63,154879.26,2022-03-13 08:46:26,2022-08-02 08:46:26,Y
403,133,46,29,3,67992.89,203978.67,2025-12-07 16:53:55,2026-01-26 16:53:55,Y
404,134,26,4,4,47441.48,189765.92,2025-05-30 23:19:48,2025-11-04 23:19:48,Y
405,134,134,7,3,88812.53,266437.59,2023-04-09 16:58:35,2023-05-01 16:58:35,Y
406,135,291,35,4,25115.6,100462.4,2022-12-31 14:17:21,2023-01-03 14:17:21,Y
407,135,233,32,2,21932.5,43865.0,2026-03-16 06:25:20,2026-04-15 06:25:20,Y
408,136,98,22,4,44876.6,179506.4,2024-04-07 01:31:22,2024-06-19 01:31:22,Y
409,136,196,21,2,77793.82,155587.64,2023-02-09 12:21:56,2023-05-30 12:21:56,Y
410,137,111,12,2,20335.9,40671.8,2024-05-29 03:34:01,2024-12-01 03:34:01,Y
411,137,215,23,2,21045.53,42091.06,2023-07-15 09:21:09,2023-10-27 09:21:09,Y
412,137,15,30,2,58500.7,117001.4,2024-06-20 14:21:18,2024-08-26 14:21:18,Y
413,137,231,35,4,49597.9,198391.6,2024-02-11 11:55:45,2024-05-15 11:55:45,Y
414,137,44,21,2,7828.14,15656.28,2022-02-02 01:31:58,2022-06-02 01:31:58,Y
415,138,204,35,4,1701.01,6804.04,2023-10-22 08:05:44,2024-04-21 08:05:44,Y
416,138,217,36,1,61235.6,61235.6,2024-03-07 01:33:54,2024-03-25 01:33:54,Y
417,138,286,4,3,44639.92,133919.76,2022-07-02 12:53:25,2022-07-15 12:53:25,Y
418,139,242,29,1,4211.54,4211.54,2025-01-05 18:38:52,2025-06-09 18:38:52,Y
419,139,3,20,4,9776.46,39105.84,2024-02-28 02:01:41,2024-07-06 02:01:41,Y
420,140,203,40,1,82164.08,82164.08,2025-02-26 08:23:56,2025-03-31 08:23:56,Y
421,140,298,37,2,41075.76,82151.52,2023-07-12 06:57:44,2023-09-16 06:57:44,Y
422,140,258,33,4,24255.42,97021.68,2026-03-12 04:48:03,2026-06-06 04:48:03,Y
423,141,46,29,4,67992.89,271971.56,2024-09-12 20:53:57,2025-03-12 20:53:57,Y
424,141,73,22,3,11967.2,35901.6,2024-03-20 01:16:46,2024-04-18 01:16:46,Y
425,142,66,22,3,71071.58,213214.74,2026-03-31 23:50:29,2026-06-10 23:50:29,Y
426,143,145,25,3,82107.75,246323.25,2024-03-28 18:50:10,2024-08-31 18:50:10,Y
427,143,265,18,2,63187.1,126374.2,2024-08-30 11:44:27,2024-12-19 11:44:27,Y
428,143,162,7,2,29258.43,58516.86,2026-03-07 08:06:09,2026-09-18 08:06:09,Y
429,143,285,20,2,45954.13,91908.26,2025-09-29 00:00:08,2025-10-12 00:00:08,Y
430,144,28,34,1,86768.55,86768.55,2023-12-16 03:38:40,2024-01-31 03:38:40,Y
431,144,241,22,4,46995.11,187980.44,2024-03-19 11:42:19,2024-04-29 11:42:19,Y
432,145,60,4,4,28073.62,112294.48,2026-03-18 15:13:20,2026-03-28 15:13:20,Y
433,145,183,37,4,69572.93,278291.72,2026-02-16 11:05:52,2026-06-13 11:05:52,Y
434,145,58,32,3,68435.97,205307.91,2023-04-05 23:41:05,2023-05-06 23:41:05,Y
435,145,48,26,2,18556.2,37112.4,2023-09-25 23:29:10,2023-12-06 23:29:10,Y
436,146,261,8,2,19046.06,38092.12,2024-04-27 12:48:44,2024-09-18 12:48:44,Y
437,146,299,11,2,69643.94,139287.88,2022-01-13 19:38:10,2022-05-27 19:38:10,Y
438,147,40,40,4,50194.23,200776.92,2024-02-04 18:49:43,2024-08-18 18:49:43,Y
439,147,49,17,3,893.15,2679.45,2024-10-18 02:30:01,2024-10-24 02:30:01,Y
440,147,63,39,1,86202.47,86202.47,2025-05-09 15:25:51,2025-08-12 15:25:51,Y
441,147,166,40,1,43139.73,43139.73,2023-04-23 18:19:49,2023-04-30 18:19:49,Y
442,148,246,38,3,63484.26,190452.78,2025-11-11 16:49:58,2026-04-20 16:49:58,Y
443,148,3,20,4,9776.46,39105.84,2024-10-20 11:51:05,2024-10-31 11:51:05,Y
444,148,167,36,1,48468.09,48468.09,2023-02-06 18:48:46,2023-04-01 18:48:46,Y
445,148,145,25,1,82107.75,82107.75,2024-10-01 01:21:52,2024-10-15 01:21:52,Y
446,149,196,21,3,77793.82,233381.46,2022-10-15 13:06:12,2023-01-25 13:06:12,Y
447,149,92,38,4,12179.18,48716.72,2024-01-16 21:40:18,2024-07-31 21:40:18,Y
448,149,46,29,2,67992.89,135985.78,2022-03-05 17:29:16,2022-04-27 17:29:16,Y
449,149,199,32,2,44254.48,88508.96,2025-06-04 04:50:16,2025-08-15 04:50:16,Y
450,149,62,36,4,40585.09,162340.36,2024-07-16 13:15:09,2024-11-18 13:15:09,Y
451,150,68,6,1,82522.83,82522.83,2025-01-20 12:16:48,2025-07-09 12:16:48,Y
452,150,189,22,4,76271.58,305086.32,2026-05-12 18:11:43,2026-07-02 18:11:43,Y
453,150,229,19,3,44291.46,132874.38,2025-04-20 18:03:08,2025-08-19 18:03:08,Y
454,151,217,36,4,61235.6,244942.4,2022-10-08 07:27:57,2023-04-19 07:27:57,Y
455,151,189,22,4,76271.58,305086.32,2023-08-02 23:41:52,2023-11-21 23:41:52,Y
456,151,48,26,3,18556.2,55668.6,2022-05-06 15:16:57,2022-09-14 15:16:57,Y
457,151,238,34,2,51855.14,103710.28,2023-11-28 15:48:58,2024-05-11 15:48:58,Y
458,151,254,1,1,73405.39,73405.39,2026-06-27 04:45:01,2026-12-05 04:45:01,Y
459,152,240,27,4,74851.33,299405.32,2025-09-20 19:35:29,2025-10-10 19:35:29,Y
460,152,154,31,3,68079.81,204239.43,2023-04-07 16:54:22,2023-05-09 16:54:22,Y
461,152,128,37,3,68727.3,206181.9,2026-06-14 04:34:14,2026-10-01 04:34:14,Y
462,153,25,1,1,21565.26,21565.26,2026-09-08 21:06:55,2026-09-27 21:06:55,Y
463,153,263,37,4,53796.82,215187.28,2022-12-01 09:38:10,2023-04-10 09:38:10,Y
464,153,212,21,3,13147.4,39442.2,2022-10-21 13:15:52,2023-02-16 13:15:52,Y
465,153,182,35,1,5267.67,5267.67,2024-03-02 19:45:15,2024-07-29 19:45:15,Y
466,153,258,33,4,24255.42,97021.68,2022-02-20 13:04:54,2022-03-21 13:04:54,Y
467,154,94,5,1,3520.14,3520.14,2025-05-05 21:01:23,2025-05-16 21:01:23,Y
468,154,214,25,4,71185.73,284742.92,2024-07-13 18:12:26,2024-10-01 18:12:26,Y
469,155,136,22,2,41236.57,82473.14,2024-11-26 11:44:09,2025-01-12 11:44:09,Y
470,155,95,21,3,35959.52,107878.56,2022-09-01 00:32:42,2023-03-11 00:32:42,Y
471,155,55,20,1,30108.56,30108.56,2025-09-09 18:23:30,2026-01-23 18:23:30,Y
472,155,3,20,1,9776.46,9776.46,2025-05-12 00:24:07,2025-06-10 00:24:07,Y
473,156,245,12,4,39004.67,156018.68,2025-11-30 16:14:29,2026-05-26 16:14:29,Y
474,156,250,38,3,28323.08,84969.24,2024-07-29 18:24:11,2025-01-03 18:24:11,Y
475,157,155,4,2,58775.43,117550.86,2022-09-30 06:32:57,2022-11-01 06:32:57,Y
476,157,8,38,1,8292.98,8292.98,2023-08-16 19:14:04,2023-09-13 19:14:04,Y
477,157,97,22,4,33247.12,132988.48,2022-03-25 07:29:37,2022-05-17 07:29:37,Y
478,157,75,40,2,70584.27,141168.54,2024-01-22 04:26:22,2024-05-12 04:26:22,Y
479,158,155,4,4,58775.43,235101.72,2025-12-10 19:30:51,2026-01-16 19:30:51,Y
480,159,12,24,2,1448.9,2897.8,2022-12-28 19:47:56,2023-02-08 19:47:56,Y
481,159,228,21,1,43214.07,43214.07,2026-02-15 23:42:49,2026-06-15 23:42:49,Y
482,159,231,35,3,49597.9,148793.7,2024-01-24 19:46:41,2024-03-15 19:46:41,Y
483,159,292,10,3,52861.06,158583.18,2025-05-02 01:45:33,2025-05-15 01:45:33,Y
484,160,53,2,4,85294.76,341179.04,2025-09-03 12:26:34,2025-12-18 12:26:34,Y
485,161,284,39,4,25784.89,103139.56,2024-06-22 09:43:15,2024-07-01 09:43:15,Y
486,161,205,2,4,38864.47,155457.88,2026-02-19 06:18:52,2026-06-30 06:18:52,Y
487,161,119,9,1,48105.33,48105.33,2022-07-08 14:28:09,2022-11-20 14:28:09,Y
488,161,217,36,1,61235.6,61235.6,2024-09-08 07:29:39,2025-01-27 07:29:39,Y
489,161,138,22,1,44187.23,44187.23,2025-07-20 00:01:22,2025-11-18 00:01:22,Y
490,162,178,2,4,64773.64,259094.56,2025-10-24 21:33:50,2026-04-20 21:33:50,Y
491,162,11,5,2,77439.63,154879.26,2023-05-17 05:53:35,2023-07-29 05:53:35,Y
492,162,241,22,2,46995.11,93990.22,2024-12-04 07:07:11,2025-03-26 07:07:11,Y
493,162,260,16,3,23799.81,71399.43,2023-11-14 14:11:38,2024-04-12 14:11:38,Y
494,163,240,27,4,74851.33,299405.32,2023-02-12 11:53:29,2023-04-28 11:53:29,Y
495,163,214,25,2,71185.73,142371.46,2025-01-24 06:36:07,2025-05-24 06:36:07,Y
496,163,107,12,1,82235.12,82235.12,2024-05-27 13:32:11,2024-11-19 13:32:11,Y
497,163,248,32,2,53806.98,107613.96,2023-02-06 02:08:13,2023-03-22 02:08:13,Y
498,163,81,2,4,45279.24,181116.96,2026-03-10 04:01:43,2026-04-04 04:01:43,Y
499,164,156,27,1,89745.03,89745.03,2023-12-31 05:54:36,2024-02-22 05:54:36,Y
500,164,10,11,3,26702.7,80108.1,2025-01-19 17:04:44,2025-03-26 17:04:44,Y
501,164,82,15,1,75557.03,75557.03,2023-06-27 19:40:44,2023-11-02 19:40:44,Y
502,164,33,29,1,30635.06,30635.06,2024-11-15 07:19:43,2025-03-05 07:19:43,Y
503,165,117,34,2,14743.63,29487.26,2023-01-10 23:09:07,2023-06-02 23:09:07,Y
504,165,250,38,3,28323.08,84969.24,2024-03-12 00:36:42,2024-06-07 00:36:42,Y
505,165,24,10,1,71905.54,71905.54,2024-04-11 01:35:30,2024-05-19 01:35:30,Y
506,165,26,4,1,47441.48,47441.48,2025-09-22 06:43:31,2026-01-17 06:43:31,Y
507,165,55,20,1,30108.56,30108.56,2022-11-13 11:49:52,2023-04-05 11:49:52,Y
508,166,54,28,1,39322.75,39322.75,2023-06-03 23:52:29,2023-11-11 23:52:29,Y
509,166,106,24,3,25225.34,75676.02,2025-01-28 13:42:59,2025-03-09 13:42:59,Y
510,166,227,40,1,39731.02,39731.02,2026-04-21 18:23:09,2026-08-26 18:23:09,Y
511,166,79,34,2,7730.99,15461.98,2025-02-04 02:11:23,2025-04-30 02:11:23,Y
512,166,63,39,4,86202.47,344809.88,2023-09-20 06:02:03,2024-01-10 06:02:03,Y
513,167,126,16,3,40572.72,121718.16,2026-01-11 14:53:52,2026-04-08 14:53:52,Y
514,168,88,1,3,51444.6,154333.8,2022-09-22 19:29:51,2022-11-29 19:29:51,Y
515,168,213,20,2,51088.29,102176.58,2025-01-25 11:31:16,2025-07-05 11:31:16,Y
516,168,78,9,2,57776.88,115553.76,2026-07-04 13:35:13,2026-10-19 13:35:13,Y
517,168,71,12,4,43866.13,175464.52,2025-08-25 07:20:56,2025-12-08 07:20:56,Y
518,168,235,3,3,80615.04,241845.12,2026-05-23 15:19:40,2026-11-13 15:19:40,Y
519,169,227,40,1,39731.02,39731.02,2023-03-29 07:33:08,2023-10-12 07:33:08,Y
520,170,36,36,3,50638.17,151914.51,2022-09-21 09:31:18,2022-12-16 09:31:18,Y
521,170,206,7,1,17434.5,17434.5,2023-05-26 12:56:10,2023-09-14 12:56:10,Y
522,170,202,15,2,1019.9,2039.8,2022-04-26 05:54:32,2022-10-12 05:54:32,Y
523,170,295,1,3,1218.28,3654.84,2022-06-29 14:36:47,2022-12-07 14:36:47,Y
524,170,215,23,3,21045.53,63136.59,2025-06-02 23:30:08,2025-11-23 23:30:08,Y
525,171,177,23,2,35495.67,70991.34,2022-01-25 13:13:58,2022-04-06 13:13:58,Y
526,171,207,26,2,41417.0,82834.0,2025-10-18 06:16:00,2026-03-31 06:16:00,Y
527,171,279,21,3,34567.35,103702.05,2025-10-05 16:37:56,2026-04-01 16:37:56,Y
528,172,102,28,1,85320.81,85320.81,2024-07-25 19:48:43,2024-08-15 19:48:43,Y
529,172,276,6,2,19364.22,38728.44,2024-11-05 05:36:01,2025-02-12 05:36:01,Y
530,172,267,18,2,40787.86,81575.72,2026-08-08 04:14:31,2026-10-19 04:14:31,Y
531,172,48,26,3,18556.2,55668.6,2026-05-09 17:00:00,2026-09-27 17:00:00,Y
532,173,175,3,1,69252.69,69252.69,2023-05-13 04:30:12,2023-05-18 04:30:12,Y
533,173,277,29,3,31051.96,93155.88,2024-03-14 17:20:16,2024-05-14 17:20:16,Y
534,173,217,36,1,61235.6,61235.6,2026-04-19 20:00:14,2026-05-17 20:00:14,Y
535,173,191,38,3,19687.08,59061.24,2024-03-18 00:50:43,2024-08-25 00:50:43,Y
536,173,64,6,1,3713.96,3713.96,2022-05-29 07:13:14,2022-12-08 07:13:14,Y
537,174,153,31,3,12543.54,37630.62,2022-01-17 04:44:21,2022-05-13 04:44:21,Y
538,174,121,3,2,4281.47,8562.94,2026-07-15 20:53:02,2026-12-14 20:53:02,Y
539,174,180,27,2,21810.83,43621.66,2024-07-18 14:05:21,2024-09-28 14:05:21,Y
540,174,194,30,2,27895.32,55790.64,2026-06-03 13:09:13,2026-12-08 13:09:13,Y
541,175,168,16,2,78606.53,157213.06,2026-05-24 13:26:20,2026-10-20 13:26:20,Y
542,176,233,32,4,21932.5,87730.0,2022-11-01 10:30:09,2022-12-08 10:30:09,Y
543,176,211,3,1,83316.52,83316.52,2022-09-12 14:25:25,2022-10-05 14:25:25,Y
544,176,218,40,2,64236.15,128472.3,2023-02-09 02:13:27,2023-06-10 02:13:27,Y
545,177,40,40,4,50194.23,200776.92,2025-02-21 08:34:21,2025-08-13 08:34:21,Y
546,177,287,39,4,88821.05,355284.2,2026-06-01 07:20:37,2026-12-17 07:20:37,Y
547,177,136,22,4,41236.57,164946.28,2026-03-30 19:15:34,2026-09-08 19:15:34,Y
548,177,226,40,4,12365.96,49463.84,2026-03-01 22:49:39,2026-09-04 22:49:39,Y
549,178,74,40,4,39502.07,158008.28,2026-04-21 10:07:46,2026-05-23 10:07:46,Y
550,178,235,3,1,80615.04,80615.04,2023-02-06 23:39:30,2023-08-05 23:39:30,Y
551,179,234,5,2,52484.51,104969.02,2026-01-10 15:56:57,2026-01-18 15:56:57,Y
552,179,287,39,4,88821.05,355284.2,2025-02-21 11:23:39,2025-03-23 11:23:39,Y
553,180,62,36,3,40585.09,121755.27,2025-02-22 06:19:36,2025-07-18 06:19:36,Y
554,181,268,33,3,84281.98,252845.94,2023-04-22 07:12:47,2023-05-22 07:12:47,Y
555,182,192,1,4,10733.99,42935.96,2024-07-31 04:42:38,2024-10-14 04:42:38,Y
556,182,15,30,4,58500.7,234002.8,2023-03-20 21:06:51,2023-04-25 21:06:51,Y
557,182,25,1,2,21565.26,43130.52,2024-08-06 02:40:27,2024-10-17 02:40:27,Y
558,183,251,24,3,35083.0,105249.0,2022-01-07 11:31:31,2022-02-07 11:31:31,Y
559,183,35,31,4,8571.06,34284.24,2022-05-19 19:46:01,2022-09-02 19:46:01,Y
560,184,159,18,4,29894.43,119577.72,2025-11-06 11:28:55,2026-01-31 11:28:55,Y
561,184,244,36,2,38486.97,76973.94,2023-02-17 15:00:07,2023-08-31 15:00:07,Y
562,184,259,3,4,49261.52,197046.08,2025-12-03 01:53:29,2026-06-15 01:53:29,Y
563,184,230,25,3,32977.4,98932.2,2023-04-08 20:56:49,2023-10-11 20:56:49,Y
564,184,46,29,2,67992.89,135985.78,2025-06-26 16:06:07,2025-10-03 16:06:07,Y
565,185,174,23,4,89471.3,357885.2,2026-08-08 19:28:12,2026-08-19 19:28:12,Y
566,185,143,10,1,37050.89,37050.89,2022-10-03 01:16:01,2022-11-14 01:16:01,Y
567,185,293,28,1,22153.28,22153.28,2024-08-17 13:22:54,2025-01-07 13:22:54,Y
568,185,287,39,1,88821.05,88821.05,2022-09-22 13:23:45,2022-11-10 13:23:45,Y
569,186,268,33,4,84281.98,337127.92,2023-08-12 10:22:46,2024-02-20 10:22:46,Y
570,186,258,33,2,24255.42,48510.84,2022-02-27 23:41:38,2022-03-29 23:41:38,Y
571,186,10,11,2,26702.7,53405.4,2024-05-04 06:41:30,2024-06-25 06:41:30,Y
572,186,297,8,3,72677.28,218031.84,2025-10-12 04:09:00,2025-11-02 04:09:00,Y
573,186,206,7,1,17434.5,17434.5,2022-05-20 18:13:25,2022-09-22 18:13:25,Y
574,187,224,18,1,13303.95,13303.95,2023-07-15 19:39:08,2023-10-29 19:39:08,Y
575,187,271,22,3,51038.56,153115.68,2024-09-13 01:44:58,2024-12-19 01:44:58,Y
576,187,47,19,2,43898.62,87797.24,2022-12-23 04:31:20,2023-01-17 04:31:20,Y
577,188,74,40,1,39502.07,39502.07,2023-07-22 12:46:57,2023-09-25 12:46:57,Y
578,188,79,34,2,7730.99,15461.98,2024-08-11 04:14:04,2024-11-23 04:14:04,Y
579,188,31,21,1,26680.82,26680.82,2024-10-07 15:25:57,2024-11-22 15:25:57,Y
580,189,153,31,3,12543.54,37630.62,2025-04-26 12:00:44,2025-05-21 12:00:44,Y
581,190,212,21,4,13147.4,52589.6,2024-10-04 07:25:51,2024-12-09 07:25:51,Y
582,190,62,36,2,40585.09,81170.18,2022-06-11 04:18:46,2022-08-01 04:18:46,Y
583,191,122,14,4,55705.14,222820.56,2026-03-12 15:12:40,2026-07-20 15:12:40,Y
584,191,59,21,3,42308.11,126924.33,2024-04-16 15:32:01,2024-05-01 15:32:01,Y
585,191,238,34,1,51855.14,51855.14,2026-09-15 11:41:51,2026-12-28 11:41:51,Y
586,191,248,32,2,53806.98,107613.96,2022-03-31 19:25:13,2022-07-13 19:25:13,Y
587,191,10,11,1,26702.7,26702.7,2024-04-16 06:00:16,2024-09-04 06:00:16,Y
588,192,285,20,4,45954.13,183816.52,2023-01-26 03:16:41,2023-04-13 03:16:41,Y
589,192,229,19,2,44291.46,88582.92,2022-09-18 16:39:37,2023-02-27 16:39:37,Y
590,193,192,1,2,10733.99,21467.98,2026-08-07 02:06:31,2026-09-19 02:06:31,Y
591,193,276,6,4,19364.22,77456.88,2025-08-09 13:16:23,2025-12-29 13:16:23,Y
592,194,1,1,3,81127.61,243382.83,2025-12-14 14:58:04,2026-05-21 14:58:04,Y
593,195,1,1,3,81127.61,243382.83,2022-07-06 22:58:31,2022-11-06 22:58:31,Y
594,195,129,32,2,2280.23,4560.46,2025-03-27 02:18:01,2025-06-24 02:18:01,Y
595,196,262,40,2,55529.38,111058.76,2024-05-24 00:05:24,2024-06-04 00:05:24,Y
596,196,274,20,1,58981.0,58981.0,2022-08-06 06:44:53,2022-10-21 06:44:53,Y
597,196,203,40,3,82164.08,246492.24,2023-01-18 01:49:37,2023-02-22 01:49:37,Y
598,196,222,39,3,1307.19,3921.57,2023-10-18 02:07:43,2024-03-22 02:07:43,Y
599,196,176,25,4,7405.45,29621.8,2024-03-23 00:27:12,2024-10-01 00:27:12,Y
600,197,126,16,2,40572.72,81145.44,2024-09-26 07:05:11,2024-12-22 07:05:11,Y
601,197,236,16,2,15136.2,30272.4,2024-10-17 11:32:51,2024-10-21 11:32:51,Y
602,197,2,29,1,57575.7,57575.7,2026-01-20 12:34:27,2026-01-21 12:34:27,Y
603,198,212,21,4,13147.4,52589.6,2026-02-28 04:44:46,2026-09-11 04:44:46,Y
604,198,276,6,1,19364.22,19364.22,2022-09-10 02:53:31,2023-02-23 02:53:31,Y
605,199,16,20,1,21284.04,21284.04,2025-10-15 02:47:09,2026-04-05 02:47:09,Y
606,199,181,39,3,22176.13,66528.39,2025-03-15 08:39:43,2025-08-15 08:39:43,Y
607,199,199,32,1,44254.48,44254.48,2023-07-05 11:59:34,2024-01-17 11:59:34,Y
608,199,64,6,2,3713.96,7427.92,2025-12-08 12:51:21,2026-03-12 12:51:21,Y
609,199,228,21,1,43214.07,43214.07,2022-01-30 02:10:42,2022-03-27 02:10:42,Y
610,200,184,10,3,37336.71,112010.13,2023-08-19 00:08:44,2023-09-11 00:08:44,Y
611,200,114,27,3,6821.81,20465.43,2023-12-29 19:32:16,2024-05-03 19:32:16,Y
612,200,19,24,2,85558.85,171117.7,2024-05-22 06:42:40,2024-09-25 06:42:40,Y
613,201,101,28,3,31767.92,95303.76,2025-05-15 14:19:35,2025-06-12 14:19:35,Y
614,202,257,35,2,41266.46,82532.92,2026-03-15 20:09:14,2026-04-27 20:09:14,Y
615,202,290,19,2,69085.48,138170.96,2023-06-30 08:22:45,2023-07-16 08:22:45,Y
616,202,34,7,2,59925.69,119851.38,2023-01-31 21:56:15,2023-04-07 21:56:15,Y
617,202,268,33,1,84281.98,84281.98,2024-05-02 07:22:35,2024-06-20 07:22:35,Y
618,202,273,29,4,18367.17,73468.68,2024-02-25 19:09:42,2024-08-17 19:09:42,Y
619,203,219,10,4,32589.88,130359.52,2022-06-11 03:10:13,2022-09-01 03:10:13,Y
620,204,141,4,4,47275.06,189100.24,2023-01-14 03:55:45,2023-07-07 03:55:45,Y
621,204,254,1,1,73405.39,73405.39,2025-01-28 01:17:38,2025-06-09 01:17:38,Y
622,204,115,30,4,11723.45,46893.8,2022-05-26 21:56:16,2022-08-05 21:56:16,Y
623,204,273,29,1,18367.17,18367.17,2025-10-26 13:32:21,2026-01-14 13:32:21,Y
624,205,100,19,1,29646.21,29646.21,2024-11-05 21:28:29,2024-11-25 21:28:29,Y
625,205,116,38,2,39048.12,78096.24,2025-08-09 18:19:42,2025-08-28 18:19:42,Y
626,205,101,28,3,31767.92,95303.76,2023-05-27 00:38:06,2023-08-19 00:38:06,Y
627,205,33,29,4,30635.06,122540.24,2022-10-28 12:25:14,2022-11-04 12:25:14,Y
628,206,13,17,2,84637.21,169274.42,2024-11-04 15:24:12,2025-01-07 15:24:12,Y
629,206,56,8,3,81550.86,244652.58,2026-01-11 08:25:31,2026-03-13 08:25:31,Y
630,206,28,34,2,86768.55,173537.1,2024-11-02 10:09:28,2025-03-15 10:09:28,Y
631,206,38,37,1,59173.92,59173.92,2025-09-24 11:07:40,2026-04-07 11:07:40,Y
632,207,297,8,1,72677.28,72677.28,2023-01-23 19:43:44,2023-02-13 19:43:44,Y
633,207,18,7,1,36847.81,36847.81,2025-03-18 12:37:14,2025-06-06 12:37:14,Y
634,207,66,22,1,71071.58,71071.58,2022-07-12 15:13:17,2022-11-02 15:13:17,Y
635,207,155,4,1,58775.43,58775.43,2025-09-03 16:14:57,2025-09-19 16:14:57,Y
636,208,287,39,4,88821.05,355284.2,2022-06-12 04:32:54,2022-08-26 04:32:54,Y
637,209,50,25,1,45122.56,45122.56,2025-07-01 06:26:04,2025-08-29 06:26:04,Y
638,209,233,32,4,21932.5,87730.0,2025-04-07 19:09:07,2025-08-03 19:09:07,Y
639,209,52,37,1,63912.01,63912.01,2024-11-21 03:38:23,2025-05-06 03:38:23,Y
640,209,233,32,2,21932.5,43865.0,2026-05-26 22:11:18,2026-08-18 22:11:18,Y
641,210,53,2,1,85294.76,85294.76,2022-02-08 04:18:10,2022-07-10 04:18:10,Y
642,211,100,19,3,29646.21,88938.63,2023-01-27 09:52:15,2023-07-09 09:52:15,Y
643,211,182,35,4,5267.67,21070.68,2025-08-01 00:33:27,2025-12-02 00:33:27,Y
644,211,96,3,1,25891.76,25891.76,2024-01-26 10:45:46,2024-03-01 10:45:46,Y
645,211,31,21,4,26680.82,106723.28,2023-02-01 16:34:01,2023-04-21 16:34:01,Y
646,211,263,37,2,53796.82,107593.64,2025-01-16 11:17:57,2025-04-05 11:17:57,Y
647,212,241,22,3,46995.11,140985.33,2024-08-17 00:25:57,2025-01-18 00:25:57,Y
648,212,150,6,2,23227.67,46455.34,2025-02-19 21:57:26,2025-02-21 21:57:26,Y
649,213,122,14,1,55705.14,55705.14,2026-04-25 12:42:10,2026-09-15 12:42:10,Y
650,214,177,23,2,35495.67,70991.34,2023-08-31 02:36:40,2023-10-21 02:36:40,Y
651,214,36,36,4,50638.17,202552.68,2024-11-27 03:57:26,2025-01-14 03:57:26,Y
652,214,240,27,3,74851.33,224553.99,2024-10-25 19:59:34,2025-03-22 19:59:34,Y
653,214,154,31,2,68079.81,136159.62,2025-07-24 20:11:00,2025-10-16 20:11:00,Y
654,215,233,32,2,21932.5,43865.0,2022-05-12 02:04:28,2022-09-15 02:04:28,Y
655,216,115,30,2,11723.45,23446.9,2023-12-17 10:28:28,2024-04-14 10:28:28,Y
656,217,247,7,4,33047.21,132188.84,2024-10-26 23:33:28,2025-05-03 23:33:28,Y
657,217,106,24,1,25225.34,25225.34,2025-05-28 17:28:07,2025-07-14 17:28:07,Y
658,218,6,15,1,19865.61,19865.61,2022-08-18 01:47:37,2022-11-17 01:47:37,Y
659,218,285,20,3,45954.13,137862.39,2022-12-24 21:08:11,2023-01-29 21:08:11,Y
660,218,226,40,3,12365.96,37097.88,2023-08-27 23:46:17,2024-02-04 23:46:17,Y
661,219,16,20,3,21284.04,63852.12,2023-09-11 15:40:39,2023-10-31 15:40:39,Y
662,220,113,40,2,27973.31,55946.62,2024-03-25 00:03:01,2024-09-25 00:03:01,Y
663,220,174,23,2,89471.3,178942.6,2026-09-19 18:53:11,2026-11-20 18:53:11,Y
664,221,12,24,1,1448.9,1448.9,2023-07-02 01:17:03,2023-09-07 01:17:03,Y
665,221,11,5,1,77439.63,77439.63,2023-03-03 09:37:10,2023-06-08 09:37:10,Y
666,222,108,29,2,62518.46,125036.92,2024-08-05 19:50:42,2024-11-29 19:50:42,Y
667,222,190,18,2,54341.4,108682.8,2025-03-02 20:26:50,2025-08-18 20:26:50,Y
668,222,270,35,1,74270.32,74270.32,2025-09-09 12:21:45,2026-03-10 12:21:45,Y
669,223,74,40,2,39502.07,79004.14,2023-02-11 08:45:29,2023-03-31 08:45:29,Y
670,224,194,30,4,27895.32,111581.28,2025-03-08 18:29:53,2025-05-28 18:29:53,Y
671,224,126,16,2,40572.72,81145.44,2022-05-24 12:33:46,2022-12-05 12:33:46,Y
672,224,275,11,3,27633.73,82901.19,2024-07-02 23:51:19,2024-08-09 23:51:19,Y
673,224,127,25,3,22493.67,67481.01,2022-06-15 11:16:37,2022-11-23 11:16:37,Y
674,224,65,34,4,33681.11,134724.44,2026-04-29 03:19:08,2026-09-25 03:19:08,Y
675,225,42,10,1,6447.77,6447.77,2026-01-02 07:29:49,2026-06-20 07:29:49,Y
676,225,86,16,3,56127.39,168382.17,2026-04-30 04:59:38,2026-08-07 04:59:38,Y
677,226,266,21,3,75950.3,227850.9,2025-12-13 10:16:39,2026-01-27 10:16:39,Y
678,226,192,1,4,10733.99,42935.96,2026-06-21 14:18:21,2026-12-15 14:18:21,Y
679,226,254,1,4,73405.39,293621.56,2026-01-11 21:58:07,2026-03-20 21:58:07,Y
680,226,299,11,2,69643.94,139287.88,2022-04-24 17:25:43,2022-06-16 17:25:43,Y
681,227,232,14,2,74848.11,149696.22,2023-12-30 04:58:55,2024-04-09 04:58:55,Y
682,227,157,19,2,26994.62,53989.24,2025-08-13 12:00:02,2025-11-17 12:00:02,Y
683,228,131,35,2,12226.36,24452.72,2026-09-07 12:07:51,2026-09-28 12:07:51,Y
684,228,44,21,3,7828.14,23484.42,2024-07-05 16:22:29,2024-10-26 16:22:29,Y
685,228,118,34,3,22703.36,68110.08,2022-05-08 19:50:18,2022-09-04 19:50:18,Y
686,229,231,35,4,49597.9,198391.6,2025-12-23 15:07:42,2026-04-12 15:07:42,Y
687,229,189,22,3,76271.58,228814.74,2026-03-26 19:29:58,2026-06-15 19:29:58,Y
688,229,196,21,4,77793.82,311175.28,2022-03-18 19:07:20,2022-05-02 19:07:20,Y
689,229,120,38,1,56277.23,56277.23,2024-04-05 06:25:34,2024-09-17 06:25:34,Y
690,230,43,34,1,40936.39,40936.39,2024-07-04 00:50:25,2024-11-09 00:50:25,Y
691,230,142,16,1,10067.62,10067.62,2023-12-09 13:38:39,2024-01-03 13:38:39,Y
692,230,37,28,2,87161.2,174322.4,2025-01-24 05:12:34,2025-02-02 05:12:34,Y
693,231,101,28,3,31767.92,95303.76,2024-10-19 22:00:36,2024-12-22 22:00:36,Y
694,231,141,4,2,47275.06,94550.12,2023-08-16 07:19:48,2024-02-12 07:19:48,Y
695,231,279,21,3,34567.35,103702.05,2024-03-22 07:40:13,2024-03-24 07:40:13,Y
696,232,178,2,1,64773.64,64773.64,2025-06-08 14:20:27,2025-09-19 14:20:27,Y
697,232,242,29,2,4211.54,8423.08,2026-05-12 17:43:43,2026-11-22 17:43:43,Y
698,232,204,35,2,1701.01,3402.02,2023-12-09 01:28:56,2024-02-05 01:28:56,Y
699,233,120,38,4,56277.23,225108.92,2026-05-22 14:43:32,2026-10-19 14:43:32,Y
700,233,237,22,3,1146.19,3438.57,2024-11-24 09:25:07,2024-12-15 09:25:07,Y
701,233,97,22,4,33247.12,132988.48,2025-08-25 05:07:16,2026-03-10 05:07:16,Y
702,233,108,29,1,62518.46,62518.46,2025-09-24 22:24:40,2026-01-17 22:24:40,Y
703,234,72,5,1,45789.54,45789.54,2023-02-03 18:08:41,2023-04-22 18:08:41,Y
704,234,256,6,2,68541.88,137083.76,2025-01-06 21:32:55,2025-04-02 21:32:55,Y
705,234,215,23,4,21045.53,84182.12,2025-08-15 15:56:07,2026-02-06 15:56:07,Y
706,235,154,31,1,68079.81,68079.81,2024-10-10 02:15:03,2025-03-09 02:15:03,Y
707,235,291,35,2,25115.6,50231.2,2022-04-11 01:40:34,2022-05-16 01:40:34,Y
708,235,170,37,2,29663.96,59327.92,2025-04-29 10:33:50,2025-08-04 10:33:50,Y
709,235,201,3,4,4555.59,18222.36,2022-07-17 22:30:20,2022-11-30 22:30:20,Y
710,235,97,22,3,33247.12,99741.36,2026-01-15 01:59:17,2026-02-11 01:59:17,Y
711,236,232,14,2,74848.11,149696.22,2024-08-04 12:00:44,2024-08-27 12:00:44,Y
712,236,54,28,1,39322.75,39322.75,2026-09-14 19:43:02,2026-10-29 19:43:02,Y
713,236,251,24,2,35083.0,70166.0,2022-03-25 09:13:27,2022-05-11 09:13:27,Y
714,236,36,36,2,50638.17,101276.34,2025-04-13 22:21:03,2025-06-24 22:21:03,Y
715,236,120,38,1,56277.23,56277.23,2024-06-23 10:24:04,2024-12-08 10:24:04,Y
716,237,30,39,1,24895.44,24895.44,2025-02-19 08:42:18,2025-07-01 08:42:18,Y
717,237,88,1,4,51444.6,205778.4,2024-10-12 05:53:28,2025-01-25 05:53:28,Y
718,237,81,2,4,45279.24,181116.96,2022-12-11 01:40:03,2023-01-13 01:40:03,Y
719,237,245,12,2,39004.67,78009.34,2022-08-02 15:20:25,2022-11-09 15:20:25,Y
720,238,106,24,4,25225.34,100901.36,2024-08-20 09:10:08,2024-12-08 09:10:08,Y
721,238,82,15,2,75557.03,151114.06,2024-08-22 02:40:08,2025-01-19 02:40:08,Y
722,239,235,3,1,80615.04,80615.04,2024-05-05 18:22:04,2024-06-25 18:22:04,Y
723,239,74,40,4,39502.07,158008.28,2025-10-16 20:09:20,2025-11-01 20:09:20,Y
724,239,127,25,4,22493.67,89974.68,2026-06-22 18:42:11,2026-09-14 18:42:11,Y
725,239,236,16,1,15136.2,15136.2,2025-12-08 13:04:25,2026-05-04 13:04:25,Y
726,239,47,19,4,43898.62,175594.48,2024-06-13 12:15:30,2024-11-25 12:15:30,Y
727,240,153,31,2,12543.54,25087.08,2025-04-30 01:48:40,2025-10-03 01:48:40,Y
728,240,213,20,4,51088.29,204353.16,2024-02-14 00:50:19,2024-03-30 00:50:19,Y
729,240,235,3,2,80615.04,161230.08,2025-04-10 02:42:02,2025-09-25 02:42:02,Y
730,241,49,17,1,893.15,893.15,2025-05-07 17:18:46,2025-11-01 17:18:46,Y
731,241,123,20,3,72698.97,218096.91,2023-05-06 16:16:48,2023-07-15 16:16:48,Y
732,241,35,31,4,8571.06,34284.24,2023-11-06 23:41:49,2024-03-11 23:41:49,Y
733,241,284,39,1,25784.89,25784.89,2023-01-12 15:36:37,2023-04-16 15:36:37,Y
734,241,54,28,3,39322.75,117968.25,2026-04-17 02:24:19,2026-10-30 02:24:19,Y
735,242,231,35,2,49597.9,99195.8,2023-05-28 03:17:41,2023-07-31 03:17:41,Y
736,242,260,16,1,23799.81,23799.81,2022-05-19 16:14:21,2022-09-14 16:14:21,Y
737,242,38,37,3,59173.92,177521.76,2025-12-06 02:03:22,2026-03-13 02:03:22,Y
738,242,205,2,1,38864.47,38864.47,2023-08-27 23:46:55,2023-12-06 23:46:55,Y
739,243,129,32,2,2280.23,4560.46,2022-12-23 07:21:47,2023-06-22 07:21:47,Y
740,244,238,34,1,51855.14,51855.14,2026-02-15 02:16:06,2026-06-13 02:16:06,Y
741,244,43,34,2,40936.39,81872.78,2026-08-31 21:47:45,2027-02-15 21:47:45,Y
742,244,225,20,3,32628.02,97884.06,2023-03-12 18:13:38,2023-07-10 18:13:38,Y
743,245,88,1,1,51444.6,51444.6,2022-02-26 03:06:29,2022-07-31 03:06:29,Y
744,245,91,2,4,31162.26,124649.04,2024-07-02 21:00:55,2024-08-02 21:00:55,Y
745,246,40,40,3,50194.23,150582.69,2022-02-04 19:55:26,2022-07-27 19:55:26,Y
746,246,79,34,2,7730.99,15461.98,2025-10-01 01:50:28,2025-12-31 01:50:28,Y
747,247,18,7,4,36847.81,147391.24,2026-07-12 19:04:32,2026-09-05 19:04:32,Y
748,247,25,1,1,21565.26,21565.26,2026-06-13 12:20:45,2026-11-24 12:20:45,Y
749,248,158,30,1,44552.34,44552.34,2025-10-11 10:02:48,2025-10-24 10:02:48,Y
750,248,25,1,2,21565.26,43130.52,2025-03-18 12:39:00,2025-09-30 12:39:00,Y
751,248,128,37,2,68727.3,137454.6,2025-03-09 23:32:01,2025-05-09 23:32:01,Y
752,248,47,19,1,43898.62,43898.62,2022-02-19 19:54:47,2022-06-06 19:54:47,Y
753,249,173,2,1,67172.24,67172.24,2023-08-20 23:52:40,2024-02-10 23:52:40,Y
754,250,50,25,2,45122.56,90245.12,2023-06-06 14:15:18,2023-12-08 14:15:18,Y
755,250,23,38,1,69737.3,69737.3,2025-07-15 11:20:52,2025-11-23 11:20:52,Y
756,251,166,40,2,43139.73,86279.46,2023-08-12 21:41:18,2024-01-18 21:41:18,Y
757,251,278,9,1,34598.68,34598.68,2025-05-12 10:06:03,2025-08-29 10:06:03,Y
758,251,119,9,3,48105.33,144315.99,2023-10-27 04:35:29,2023-11-23 04:35:29,Y
759,252,89,24,3,45757.03,137271.09,2022-02-16 14:04:35,2022-05-29 14:04:35,Y
760,252,7,9,4,58240.39,232961.56,2025-04-24 03:51:38,2025-06-17 03:51:38,Y
761,252,113,40,3,27973.31,83919.93,2022-07-25 02:31:51,2023-01-09 02:31:51,Y
762,253,189,22,2,76271.58,152543.16,2022-05-17 12:19:31,2022-06-03 12:19:31,Y
763,253,211,3,4,83316.52,333266.08,2024-07-25 20:01:22,2025-02-06 20:01:22,Y
764,253,53,2,2,85294.76,170589.52,2026-07-24 20:35:32,2026-12-16 20:35:32,Y
765,253,129,32,3,2280.23,6840.69,2022-10-22 08:40:00,2023-03-24 08:40:00,Y
766,253,199,32,2,44254.48,88508.96,2023-02-18 00:05:10,2023-05-14 00:05:10,Y
767,254,247,7,1,33047.21,33047.21,2022-07-29 18:10:13,2022-10-22 18:10:13,Y
768,254,300,33,2,22159.72,44319.44,2025-10-26 17:16:20,2026-01-31 17:16:20,Y
769,254,258,33,1,24255.42,24255.42,2022-02-11 07:05:58,2022-04-11 07:05:58,Y
770,255,64,6,4,3713.96,14855.84,2024-08-17 13:25:22,2024-10-16 13:25:22,Y
771,255,125,21,2,11941.8,23883.6,2022-09-04 15:43:15,2022-09-19 15:43:15,Y
772,255,192,1,2,10733.99,21467.98,2026-03-30 11:44:31,2026-06-13 11:44:31,Y
773,255,78,9,1,57776.88,57776.88,2025-03-13 09:47:50,2025-05-04 09:47:50,Y
774,255,122,14,3,55705.14,167115.42,2025-10-10 14:37:25,2026-04-17 14:37:25,Y
775,256,143,10,1,37050.89,37050.89,2024-09-13 13:23:55,2025-02-24 13:23:55,Y
776,256,267,18,3,40787.86,122363.58,2025-07-13 00:41:38,2025-12-25 00:41:38,Y
777,257,118,34,2,22703.36,45406.72,2024-10-26 05:18:06,2025-01-21 05:18:06,Y
778,258,277,29,2,31051.96,62103.92,2022-06-18 00:02:52,2022-12-05 00:02:52,Y
779,258,114,27,3,6821.81,20465.43,2025-03-31 05:39:07,2025-08-11 05:39:07,Y
780,259,227,40,4,39731.02,158924.08,2022-01-19 18:34:25,2022-02-04 18:34:25,Y
781,259,36,36,2,50638.17,101276.34,2023-08-21 23:15:50,2023-09-03 23:15:50,Y
782,260,65,34,2,33681.11,67362.22,2022-10-13 02:04:34,2022-11-26 02:04:34,Y
783,260,121,3,4,4281.47,17125.88,2026-04-26 12:19:01,2026-05-16 12:19:01,Y
784,261,160,12,2,71209.94,142419.88,2023-05-26 00:34:05,2023-11-26 00:34:05,Y
785,261,126,16,2,40572.72,81145.44,2025-08-10 08:58:56,2025-09-24 08:58:56,Y
786,261,156,27,4,89745.03,358980.12,2024-06-05 13:27:13,2024-10-30 13:27:13,Y
787,261,104,9,4,58134.63,232538.52,2024-04-24 15:24:33,2024-11-10 15:24:33,Y
788,262,185,28,2,87510.66,175021.32,2025-05-22 07:15:36,2025-08-26 07:15:36,Y
789,263,226,40,4,12365.96,49463.84,2025-08-06 06:35:31,2025-12-13 06:35:31,Y
790,263,80,10,4,85186.91,340747.64,2026-02-06 12:34:45,2026-02-11 12:34:45,Y
791,263,219,10,3,32589.88,97769.64,2022-09-16 14:17:29,2023-03-29 14:17:29,Y
792,263,276,6,2,19364.22,38728.44,2023-04-20 17:29:51,2023-09-08 17:29:51,Y
793,264,195,7,4,68593.28,274373.12,2025-12-11 12:20:31,2026-02-27 12:20:31,Y
794,264,146,17,4,86167.9,344671.6,2025-03-11 12:58:45,2025-08-01 12:58:45,Y
795,264,37,28,4,87161.2,348644.8,2024-11-01 07:44:18,2024-12-05 07:44:18,Y
796,265,80,10,1,85186.91,85186.91,2023-08-13 03:31:32,2023-08-14 03:31:32,Y
797,265,257,35,4,41266.46,165065.84,2025-03-08 18:41:06,2025-07-11 18:41:06,Y
798,266,203,40,4,82164.08,328656.32,2025-03-05 07:42:00,2025-06-11 07:42:00,Y
799,266,158,30,1,44552.34,44552.34,2022-08-10 07:37:06,2022-11-22 07:37:06,Y
800,266,64,6,2,3713.96,7427.92,2025-04-10 14:42:24,2025-09-01 14:42:24,Y
801,266,100,19,3,29646.21,88938.63,2025-09-17 12:43:56,2025-11-21 12:43:56,Y
802,267,251,24,1,35083.0,35083.0,2025-02-17 21:31:51,2025-08-14 21:31:51,Y
803,267,198,15,2,45036.27,90072.54,2025-08-10 10:44:20,2026-02-14 10:44:20,Y
804,267,125,21,3,11941.8,35825.4,2026-01-24 05:47:58,2026-02-01 05:47:58,Y
805,267,15,30,4,58500.7,234002.8,2023-04-05 11:03:04,2023-06-10 11:03:04,Y
806,267,76,31,2,61110.95,122221.9,2024-03-01 01:05:25,2024-05-03 01:05:25,Y
807,268,60,4,4,28073.62,112294.48,2022-10-14 18:49:10,2023-03-27 18:49:10,Y
808,269,42,10,4,6447.77,25791.08,2026-05-31 00:55:26,2026-07-18 00:55:26,Y
809,269,85,39,3,69899.3,209697.9,2025-08-19 05:50:39,2025-10-22 05:50:39,Y
810,269,257,35,4,41266.46,165065.84,2026-07-15 14:22:17,2026-12-30 14:22:17,Y
811,269,158,30,1,44552.34,44552.34,2025-07-02 19:47:27,2026-01-10 19:47:27,Y
812,270,294,40,3,60012.95,180038.85,2024-12-05 23:47:21,2025-01-10 23:47:21,Y
813,271,204,35,2,1701.01,3402.02,2024-08-15 05:37:37,2024-08-16 05:37:37,Y
814,271,252,12,1,62469.28,62469.28,2022-01-05 21:42:27,2022-01-29 21:42:27,Y
815,272,269,38,3,8563.12,25689.36,2025-07-19 02:00:59,2026-01-02 02:00:59,Y
816,272,221,36,3,2557.32,7671.96,2023-06-15 03:24:44,2023-07-30 03:24:44,Y
817,272,96,3,4,25891.76,103567.04,2023-02-22 08:31:28,2023-04-13 08:31:28,Y
818,272,94,5,4,3520.14,14080.56,2026-04-11 13:35:51,2026-05-09 13:35:51,Y
819,273,109,9,1,15703.54,15703.54,2023-07-31 18:10:33,2023-09-20 18:10:33,Y
820,273,94,5,4,3520.14,14080.56,2023-08-20 03:58:12,2023-10-25 03:58:12,Y
821,273,226,40,2,12365.96,24731.92,2022-12-06 06:12:09,2023-05-17 06:12:09,Y
822,273,41,12,4,27945.83,111783.32,2024-06-29 17:01:40,2024-07-20 17:01:40,Y
823,273,64,6,3,3713.96,11141.88,2024-05-09 20:53:08,2024-05-25 20:53:08,Y
824,274,300,33,4,22159.72,88638.88,2023-12-31 10:28:30,2024-05-01 10:28:30,Y
825,275,5,37,1,67070.26,67070.26,2022-07-09 16:42:01,2022-09-15 16:42:01,Y
826,276,22,16,1,18626.46,18626.46,2022-10-28 21:03:06,2022-12-21 21:03:06,Y
827,276,193,39,3,82377.36,247132.08,2026-06-04 19:32:13,2026-12-15 19:32:13,Y
828,276,249,23,3,15691.97,47075.91,2026-01-10 06:43:09,2026-07-22 06:43:09,Y
829,276,220,24,3,12098.13,36294.39,2024-11-11 15:00:06,2025-02-13 15:00:06,Y
830,276,162,7,4,29258.43,117033.72,2024-01-15 09:38:56,2024-04-16 09:38:56,Y
831,277,30,39,1,24895.44,24895.44,2025-01-11 03:27:49,2025-04-05 03:27:49,Y
832,277,2,29,4,57575.7,230302.8,2025-11-20 14:22:09,2026-05-17 14:22:09,Y
833,277,72,5,1,45789.54,45789.54,2022-03-21 18:52:16,2022-08-22 18:52:16,Y
834,277,272,4,2,70592.3,141184.6,2024-05-18 06:36:32,2024-11-13 06:36:32,Y
835,278,232,14,4,74848.11,299392.44,2026-01-16 09:26:15,2026-05-27 09:26:15,Y
836,278,97,22,3,33247.12,99741.36,2022-01-10 17:19:22,2022-06-22 17:19:22,Y
837,278,9,13,3,78905.16,236715.48,2025-01-24 02:52:37,2025-02-04 02:52:37,Y
838,279,120,38,1,56277.23,56277.23,2026-02-14 09:38:01,2026-05-27 09:38:01,Y
839,279,179,16,1,24952.35,24952.35,2025-08-22 11:45:00,2025-12-21 11:45:00,Y
840,279,198,15,2,45036.27,90072.54,2024-07-02 00:00:40,2024-12-04 00:00:40,Y
841,279,74,40,1,39502.07,39502.07,2026-06-04 18:04:06,2026-10-28 18:04:06,Y
842,280,255,32,4,37522.61,150090.44,2022-09-28 13:53:35,2022-12-14 13:53:35,Y
843,280,87,35,4,51838.26,207353.04,2025-10-18 13:32:53,2025-11-16 13:32:53,Y
844,281,124,4,2,43684.75,87369.5,2024-01-27 01:56:19,2024-03-21 01:56:19,Y
845,281,46,29,1,67992.89,67992.89,2022-11-24 16:23:21,2023-03-15 16:23:21,Y
846,281,83,3,3,74832.72,224498.16,2024-10-11 09:39:49,2025-01-17 09:39:49,Y
847,281,113,40,4,27973.31,111893.24,2024-03-11 10:10:35,2024-08-28 10:10:35,Y
848,281,64,6,4,3713.96,14855.84,2023-02-26 18:43:58,2023-07-12 18:43:58,Y
849,282,171,14,1,8365.56,8365.56,2023-11-27 08:12:03,2024-04-22 08:12:03,Y
850,283,194,30,4,27895.32,111581.28,2025-03-31 17:55:27,2025-09-14 17:55:27,Y
851,283,120,38,1,56277.23,56277.23,2023-11-26 13:09:30,2024-01-31 13:09:30,Y
852,283,149,26,1,72453.5,72453.5,2022-09-30 09:55:12,2022-10-28 09:55:12,Y
853,284,97,22,3,33247.12,99741.36,2022-12-27 17:30:27,2023-05-22 17:30:27,Y
854,284,66,22,1,71071.58,71071.58,2024-08-31 14:43:52,2024-12-06 14:43:52,Y
855,284,160,12,2,71209.94,142419.88,2022-07-12 06:28:31,2022-12-10 06:28:31,Y
856,285,217,36,3,61235.6,183706.8,2024-09-20 02:18:31,2025-04-05 02:18:31,Y
857,285,65,34,2,33681.11,67362.22,2026-06-03 19:28:19,2026-11-19 19:28:19,Y
858,285,55,20,4,30108.56,120434.24,2025-05-13 04:37:40,2025-05-15 04:37:40,Y
859,285,162,7,2,29258.43,58516.86,2023-03-26 13:40:21,2023-06-09 13:40:21,Y
860,286,234,5,3,52484.51,157453.53,2023-04-04 00:49:53,2023-09-04 00:49:53,Y
861,286,75,40,3,70584.27,211752.81,2022-04-17 16:51:50,2022-09-17 16:51:50,Y
862,286,159,18,1,29894.43,29894.43,2026-04-10 20:01:05,2026-10-03 20:01:05,Y
863,286,141,4,2,47275.06,94550.12,2026-01-25 23:20:47,2026-07-05 23:20:47,Y
864,287,150,6,3,23227.67,69683.01,2025-03-16 09:25:53,2025-03-31 09:25:53,Y
865,287,79,34,2,7730.99,15461.98,2023-10-17 08:26:59,2024-04-21 08:26:59,Y
866,287,27,24,4,40789.09,163156.36,2023-07-11 04:42:56,2023-11-12 04:42:56,Y
867,287,154,31,4,68079.81,272319.24,2023-05-10 14:18:24,2023-05-15 14:18:24,Y
868,288,217,36,4,61235.6,244942.4,2026-01-10 20:52:27,2026-04-09 20:52:27,Y
869,288,201,3,3,4555.59,13666.77,2022-08-12 03:31:38,2022-12-25 03:31:38,Y
870,288,145,25,4,82107.75,328431.0,2023-08-30 03:07:36,2024-02-25 03:07:36,Y
871,289,68,6,1,82522.83,82522.83,2024-10-01 19:50:14,2025-04-11 19:50:14,Y
872,290,235,3,2,80615.04,161230.08,2023-05-24 13:56:39,2023-10-18 13:56:39,Y
873,290,227,40,2,39731.02,79462.04,2026-02-07 21:27:42,2026-04-22 21:27:42,Y
874,290,108,29,2,62518.46,125036.92,2023-11-09 17:26:03,2024-05-18 17:26:03,Y
875,291,186,21,2,13598.74,27197.48,2022-11-13 17:46:54,2023-05-05 17:46:54,Y
876,292,219,10,1,32589.88,32589.88,2023-06-07 15:36:34,2023-06-21 15:36:34,Y
877,292,183,37,1,69572.93,69572.93,2026-01-12 06:44:14,2026-02-26 06:44:14,Y
878,292,61,19,3,55426.75,166280.25,2026-05-21 09:37:56,2026-11-03 09:37:56,Y
879,292,223,36,4,46994.19,187976.76,2023-04-07 14:03:25,2023-09-14 14:03:25,Y
880,293,18,7,4,36847.81,147391.24,2023-01-05 02:33:34,2023-03-07 02:33:34,Y
881,293,251,24,2,35083.0,70166.0,2024-07-29 10:10:23,2025-01-21 10:10:23,Y
882,294,46,29,4,67992.89,271971.56,2025-12-11 14:01:20,2026-05-26 14:01:20,Y
883,294,141,4,1,47275.06,47275.06,2025-10-14 22:25:29,2026-01-16 22:25:29,Y
884,294,62,36,1,40585.09,40585.09,2022-12-29 08:23:13,2023-01-19 08:23:13,Y
885,294,251,24,1,35083.0,35083.0,2026-05-03 17:36:11,2026-06-29 17:36:11,Y
886,295,294,40,1,60012.95,60012.95,2026-01-29 17:59:22,2026-04-09 17:59:22,Y
887,295,93,12,4,41922.14,167688.56,2025-04-07 22:07:25,2025-08-08 22:07:25,Y
888,295,153,31,3,12543.54,37630.62,2023-01-25 02:18:21,2023-02-19 02:18:21,Y
889,295,33,29,4,30635.06,122540.24,2026-07-28 23:43:48,2026-09-13 23:43:48,Y
890,295,11,5,4,77439.63,309758.52,2025-05-08 11:35:55,2025-09-27 11:35:55,Y
891,296,266,21,1,75950.3,75950.3,2026-08-02 13:23:40,2027-01-31 13:23:40,Y
892,297,61,19,2,55426.75,110853.5,2023-07-16 07:17:48,2023-12-16 07:17:48,Y
893,297,3,20,3,9776.46,29329.38,2026-09-20 11:03:11,2027-01-12 11:03:11,Y
894,298,21,6,2,57625.46,115250.92,2023-02-05 05:12:59,2023-07-02 05:12:59,Y
895,299,45,40,1,24633.84,24633.84,2024-03-08 17:26:56,2024-09-16 17:26:56,Y
896,299,44,21,3,7828.14,23484.42,2023-01-23 11:34:56,2023-06-01 11:34:56,Y
897,300,279,21,1,34567.35,34567.35,2023-06-18 03:39:43,2023-10-04 03:39:43,Y
898,300,128,37,3,68727.3,206181.9,2024-07-22 22:21:33,2024-08-02 22:21:33,Y
899,300,274,20,4,58981.0,235924.0,2025-10-14 07:39:40,2025-11-18 07:39:40,Y
900,301,268,33,2,84281.98,168563.96,2024-12-29 23:45:21,2025-06-02 23:45:21,Y
901,301,51,26,1,39371.52,39371.52,2022-05-19 23:43:29,2022-07-18 23:43:29,Y
902,301,97,22,2,33247.12,66494.24,2023-03-17 03:28:54,2023-06-01 03:28:54,Y
903,302,283,28,3,22450.22,67350.66,2023-11-03 05:06:27,2024-04-02 05:06:27,Y
904,302,143,10,4,37050.89,148203.56,2023-02-04 05:03:59,2023-08-09 05:03:59,Y
905,303,282,6,4,67768.62,271074.48,2024-03-03 03:44:43,2024-05-08 03:44:43,Y
906,304,205,2,3,38864.47,116593.41,2025-11-17 22:52:35,2025-12-08 22:52:35,Y
907,304,218,40,2,64236.15,128472.3,2023-03-22 01:02:34,2023-08-06 01:02:34,Y
908,305,138,22,3,44187.23,132561.69,2023-08-22 11:20:29,2024-02-20 11:20:29,Y
909,306,262,40,2,55529.38,111058.76,2023-05-25 15:56:17,2023-09-09 15:56:17,Y
910,306,162,7,1,29258.43,29258.43,2025-09-09 05:34:56,2025-12-15 05:34:56,Y
911,306,127,25,1,22493.67,22493.67,2022-08-29 20:39:10,2022-11-06 20:39:10,Y
912,306,273,29,4,18367.17,73468.68,2022-12-08 17:27:30,2023-06-01 17:27:30,Y
913,306,34,7,1,59925.69,59925.69,2024-10-20 06:40:33,2025-04-01 06:40:33,Y
914,307,171,14,2,8365.56,16731.12,2024-04-28 23:13:14,2024-06-04 23:13:14,Y
915,307,141,4,4,47275.06,189100.24,2022-01-31 15:27:49,2022-02-25 15:27:49,Y
916,307,114,27,1,6821.81,6821.81,2025-03-22 08:52:27,2025-04-17 08:52:27,Y
917,308,270,35,4,74270.32,297081.28,2024-08-10 09:59:29,2025-01-07 09:59:29,Y
918,308,49,17,3,893.15,2679.45,2026-07-02 10:07:30,2026-09-29 10:07:30,Y
919,309,139,24,2,88193.84,176387.68,2022-11-04 18:54:27,2022-11-16 18:54:27,Y
920,309,163,16,3,85871.33,257613.99,2025-04-25 07:56:51,2025-06-10 07:56:51,Y
921,309,273,29,4,18367.17,73468.68,2026-09-10 23:37:22,2027-02-09 23:37:22,Y
922,309,245,12,1,39004.67,39004.67,2023-02-01 08:28:22,2023-04-08 08:28:22,Y
923,309,263,37,2,53796.82,107593.64,2023-04-29 02:16:12,2023-10-14 02:16:12,Y
924,310,194,30,3,27895.32,83685.96,2024-04-10 16:32:43,2024-04-23 16:32:43,Y
925,310,128,37,4,68727.3,274909.2,2025-07-23 10:30:50,2026-01-19 10:30:50,Y
926,311,225,20,3,32628.02,97884.06,2025-01-04 20:15:31,2025-05-03 20:15:31,Y
927,311,142,16,2,10067.62,20135.24,2025-08-22 00:28:35,2026-01-02 00:28:35,Y
928,312,45,40,3,24633.84,73901.52,2024-08-07 15:46:24,2024-11-19 15:46:24,Y
929,312,47,19,2,43898.62,87797.24,2022-09-04 22:04:33,2022-09-23 22:04:33,Y
930,312,48,26,1,18556.2,18556.2,2023-05-28 23:43:36,2023-10-22 23:43:36,Y
931,313,147,20,1,18812.55,18812.55,2026-09-18 17:08:51,2027-01-22 17:08:51,Y
932,314,261,8,4,19046.06,76184.24,2023-02-28 20:50:15,2023-06-30 20:50:15,Y
933,314,264,37,1,73402.25,73402.25,2026-07-13 03:19:04,2027-01-07 03:19:04,Y
934,314,208,6,2,3044.27,6088.54,2022-02-13 04:28:42,2022-07-20 04:28:42,Y
935,314,4,19,3,88018.41,264055.23,2025-08-13 08:43:26,2026-02-08 08:43:26,Y
936,315,271,22,4,51038.56,204154.24,2022-05-12 14:17:27,2022-10-14 14:17:27,Y
937,315,87,35,2,51838.26,103676.52,2026-06-15 12:12:46,2026-08-11 12:12:46,Y
938,316,188,36,3,47792.26,143376.78,2023-02-19 04:58:13,2023-06-30 04:58:13,Y
939,317,217,36,2,61235.6,122471.2,2026-03-20 11:44:38,2026-06-25 11:44:38,Y
940,318,58,32,2,68435.97,136871.94,2024-11-16 00:01:09,2025-05-08 00:01:09,Y
941,318,277,29,3,31051.96,93155.88,2023-01-02 04:40:52,2023-03-17 04:40:52,Y
942,318,248,32,2,53806.98,107613.96,2024-07-01 00:18:16,2024-09-06 00:18:16,Y
943,319,292,10,3,52861.06,158583.18,2025-05-07 22:32:40,2025-07-01 22:32:40,Y
944,320,19,24,4,85558.85,342235.4,2025-12-09 16:01:51,2026-05-16 16:01:51,Y
945,320,30,39,4,24895.44,99581.76,2025-01-10 06:12:01,2025-01-11 06:12:01,Y
946,320,169,24,1,5744.87,5744.87,2024-07-15 22:38:12,2024-10-13 22:38:12,Y
947,320,3,20,2,9776.46,19552.92,2024-12-22 13:08:23,2025-06-24 13:08:23,Y
948,320,206,7,1,17434.5,17434.5,2025-01-06 11:50:47,2025-01-08 11:50:47,Y
949,321,252,12,2,62469.28,124938.56,2023-09-06 17:58:51,2023-09-27 17:58:51,Y
950,321,211,3,1,83316.52,83316.52,2023-01-20 18:22:36,2023-05-24 18:22:36,Y
951,321,80,10,4,85186.91,340747.64,2024-02-17 03:23:57,2024-04-14 03:23:57,Y
952,321,203,40,3,82164.08,246492.24,2025-03-08 22:32:12,2025-05-23 22:32:12,Y
953,322,94,5,1,3520.14,3520.14,2026-07-25 14:55:29,2026-10-01 14:55:29,Y
954,322,225,20,2,32628.02,65256.04,2025-09-27 00:48:37,2025-11-07 00:48:37,Y
955,322,182,35,3,5267.67,15803.01,2025-09-10 06:24:52,2025-09-11 06:24:52,Y
956,322,102,28,3,85320.81,255962.43,2022-12-10 19:49:42,2023-01-27 19:49:42,Y
957,323,69,39,3,50390.2,151170.6,2025-05-10 19:28:57,2025-08-25 19:28:57,Y
958,324,83,3,3,74832.72,224498.16,2023-09-11 05:54:47,2024-01-11 05:54:47,Y
959,325,216,21,4,70561.62,282246.48,2026-02-28 11:32:26,2026-07-18 11:32:26,Y
960,326,167,36,4,48468.09,193872.36,2025-05-27 08:55:03,2025-10-02 08:55:03,Y
961,326,68,6,1,82522.83,82522.83,2022-12-07 22:16:09,2023-01-03 22:16:09,Y
962,327,80,10,1,85186.91,85186.91,2024-12-05 03:29:16,2025-04-12 03:29:16,Y
963,327,122,14,3,55705.14,167115.42,2022-06-11 16:22:16,2022-12-01 16:22:16,Y
964,328,5,37,3,67070.26,201210.78,2025-09-11 09:52:52,2026-01-11 09:52:52,Y
965,328,145,25,4,82107.75,328431.0,2026-02-18 17:30:39,2026-03-11 17:30:39,Y
966,328,127,25,2,22493.67,44987.34,2023-04-19 18:54:19,2023-10-22 18:54:19,Y
967,328,128,37,1,68727.3,68727.3,2024-05-23 11:13:51,2024-12-05 11:13:51,Y
968,329,127,25,4,22493.67,89974.68,2025-08-26 08:24:32,2025-10-15 08:24:32,Y
969,329,53,2,2,85294.76,170589.52,2026-04-10 16:44:00,2026-09-13 16:44:00,Y
970,329,97,22,1,33247.12,33247.12,2023-04-08 01:49:18,2023-06-05 01:49:18,Y
971,330,206,7,2,17434.5,34869.0,2022-04-30 04:48:30,2022-07-09 04:48:30,Y
972,330,75,40,2,70584.27,141168.54,2025-08-17 11:27:15,2025-08-21 11:27:15,Y
973,331,27,24,3,40789.09,122367.27,2025-03-27 17:08:56,2025-07-09 17:08:56,Y
974,332,114,27,4,6821.81,27287.24,2024-11-10 11:14:15,2025-02-27 11:14:15,Y
975,332,32,8,1,79017.02,79017.02,2026-05-04 02:11:32,2026-08-21 02:11:32,Y
976,333,57,7,3,15779.21,47337.63,2024-04-16 12:26:37,2024-07-18 12:26:37,Y
977,333,180,27,3,21810.83,65432.49,2025-07-22 21:52:18,2025-09-23 21:52:18,Y
978,333,25,1,1,21565.26,21565.26,2023-07-19 16:23:01,2023-07-29 16:23:01,Y
979,334,165,33,4,28124.82,112499.28,2023-10-21 14:11:31,2024-01-02 14:11:31,Y
980,335,52,37,3,63912.01,191736.03,2025-08-31 18:47:38,2025-10-17 18:47:38,Y
981,335,252,12,3,62469.28,187407.84,2025-02-03 14:34:56,2025-04-29 14:34:56,Y
982,335,58,32,1,68435.97,68435.97,2022-10-29 00:26:04,2023-04-18 00:26:04,Y
983,336,67,7,3,25715.4,77146.2,2024-10-26 00:56:13,2025-01-26 00:56:13,Y
984,336,271,22,3,51038.56,153115.68,2025-02-28 11:55:44,2025-04-29 11:55:44,Y
985,336,108,29,1,62518.46,62518.46,2025-04-08 04:47:44,2025-04-30 04:47:44,Y
986,336,67,7,2,25715.4,51430.8,2023-01-09 22:16:14,2023-01-19 22:16:14,Y
987,336,99,6,1,38867.52,38867.52,2025-10-16 23:00:19,2025-11-10 23:00:19,Y
988,337,176,25,4,7405.45,29621.8,2024-07-25 15:42:39,2025-01-26 15:42:39,Y
989,337,104,9,2,58134.63,116269.26,2026-07-16 16:56:04,2027-01-16 16:56:04,Y
990,337,23,38,4,69737.3,278949.2,2023-02-02 03:50:27,2023-03-23 03:50:27,Y
991,337,282,6,3,67768.62,203305.86,2024-02-24 13:39:59,2024-09-05 13:39:59,Y
992,337,188,36,1,47792.26,47792.26,2025-10-25 09:15:28,2026-04-04 09:15:28,Y
993,338,35,31,1,8571.06,8571.06,2026-02-09 01:42:52,2026-05-27 01:42:52,Y
994,338,86,16,2,56127.39,112254.78,2024-05-01 18:00:15,2024-10-26 18:00:15,Y
995,338,149,26,1,72453.5,72453.5,2022-05-22 04:38:28,2022-10-13 04:38:28,Y
996,338,98,22,1,44876.6,44876.6,2025-05-19 23:17:16,2025-09-22 23:17:16,Y
997,339,225,20,4,32628.02,130512.08,2026-05-02 06:32:51,2026-08-08 06:32:51,Y
998,339,206,7,2,17434.5,34869.0,2024-04-23 12:04:26,2024-06-14 12:04:26,Y
999,340,82,15,1,75557.03,75557.03,2023-11-08 16:55:14,2024-04-07 16:55:14,Y
1000,341,234,5,3,52484.51,157453.53,2026-04-15 07:22:30,2026-10-13 07:22:30,Y
1001,341,156,27,3,89745.03,269235.09,2023-11-16 13:28:02,2024-01-30 13:28:02,Y
1002,341,283,28,2,22450.22,44900.44,2023-01-06 00:59:35,2023-02-18 00:59:35,Y
1003,341,24,10,3,71905.54,215716.62,2026-07-16 17:32:57,2026-09-14 17:32:57,Y
1004,341,21,6,2,57625.46,115250.92,2023-04-06 06:04:46,2023-06-16 06:04:46,Y
1005,342,27,24,1,40789.09,40789.09,2024-02-13 15:23:15,2024-04-06 15:23:15,Y
1006,342,1,1,3,81127.61,243382.83,2024-12-15 12:38:13,2025-05-25 12:38:13,Y
1007,342,167,36,3,48468.09,145404.27,2022-09-16 15:16:59,2023-03-15 15:16:59,Y
1008,343,210,22,1,82738.87,82738.87,2024-07-05 04:59:25,2024-09-26 04:59:25,Y
1009,343,6,15,3,19865.61,59596.83,2025-01-09 10:44:42,2025-03-06 10:44:42,Y
1010,344,132,26,1,4792.96,4792.96,2022-02-18 14:05:24,2022-07-05 14:05:24,Y
1011,344,196,21,2,77793.82,155587.64,2024-03-10 13:02:46,2024-08-17 13:02:46,Y
1012,345,113,40,2,27973.31,55946.62,2024-10-04 10:48:14,2024-12-11 10:48:14,Y
1013,345,298,37,4,41075.76,164303.04,2025-05-13 15:53:21,2025-06-21 15:53:21,Y
1014,345,119,9,2,48105.33,96210.66,2025-09-10 02:11:40,2025-12-13 02:11:40,Y
1015,345,246,38,2,63484.26,126968.52,2022-10-19 02:06:43,2023-02-22 02:06:43,Y
1016,346,95,21,4,35959.52,143838.08,2023-07-02 03:45:16,2023-08-19 03:45:16,Y
1017,346,93,12,3,41922.14,125766.42,2024-05-26 06:44:37,2024-05-31 06:44:37,Y
1018,346,84,40,2,23180.97,46361.94,2023-07-07 04:49:38,2023-10-15 04:49:38,Y
1019,346,36,36,4,50638.17,202552.68,2023-03-22 21:48:10,2023-04-09 21:48:10,Y
1020,347,233,32,2,21932.5,43865.0,2025-06-04 12:53:44,2025-06-29 12:53:44,Y
1021,347,7,9,4,58240.39,232961.56,2022-11-06 20:24:13,2023-02-10 20:24:13,Y
1022,348,57,7,1,15779.21,15779.21,2022-02-12 02:30:53,2022-08-26 02:30:53,Y
1023,349,128,37,2,68727.3,137454.6,2022-09-17 17:20:08,2022-11-24 17:20:08,Y
1024,349,7,9,3,58240.39,174721.17,2022-01-30 04:37:44,2022-02-26 04:37:44,Y
1025,350,104,9,4,58134.63,232538.52,2023-03-09 13:44:55,2023-07-09 13:44:55,Y
1026,351,158,30,2,44552.34,89104.68,2024-10-27 17:32:39,2025-02-26 17:32:39,Y
1027,351,125,21,3,11941.8,35825.4,2022-06-23 14:22:47,2022-11-09 14:22:47,Y
1028,352,64,6,1,3713.96,3713.96,2022-03-07 21:22:33,2022-03-18 21:22:33,Y
1029,352,279,21,4,34567.35,138269.4,2024-07-10 22:25:32,2024-08-05 22:25:32,Y
1030,352,73,22,1,11967.2,11967.2,2022-01-04 18:15:18,2022-03-02 18:15:18,Y
1031,352,117,34,2,14743.63,29487.26,2025-08-20 01:31:34,2025-11-26 01:31:34,Y
1032,352,181,39,4,22176.13,88704.52,2024-06-10 04:48:12,2024-08-06 04:48:12,Y
1033,353,252,12,2,62469.28,124938.56,2023-06-11 19:14:22,2023-07-09 19:14:22,Y
1034,354,145,25,3,82107.75,246323.25,2025-01-15 02:48:30,2025-02-03 02:48:30,Y
1035,355,185,28,2,87510.66,175021.32,2022-09-21 11:28:02,2022-10-02 11:28:02,Y
1036,356,220,24,2,12098.13,24196.26,2026-07-07 03:30:12,2026-09-30 03:30:12,Y
1037,356,218,40,3,64236.15,192708.45,2023-04-12 17:13:03,2023-09-29 17:13:03,Y
1038,357,147,20,3,18812.55,56437.65,2024-12-18 09:31:08,2025-01-13 09:31:08,Y
1039,357,256,6,1,68541.88,68541.88,2025-02-20 19:01:21,2025-04-28 19:01:21,Y
1040,357,2,29,2,57575.7,115151.4,2023-04-07 19:37:16,2023-10-23 19:37:16,Y
1041,357,164,24,4,60166.19,240664.76,2023-04-05 03:17:21,2023-07-13 03:17:21,Y
1042,357,245,12,4,39004.67,156018.68,2022-07-29 03:16:06,2022-08-26 03:16:06,Y
1043,358,75,40,2,70584.27,141168.54,2022-10-09 00:13:06,2022-12-30 00:13:06,Y
1044,358,94,5,3,3520.14,10560.42,2025-04-11 04:58:41,2025-07-10 04:58:41,Y
1045,358,254,1,4,73405.39,293621.56,2025-08-09 19:12:35,2025-12-10 19:12:35,Y
1046,359,171,14,2,8365.56,16731.12,2023-03-06 10:31:31,2023-08-20 10:31:31,Y
1047,359,197,36,4,64856.07,259424.28,2025-07-24 17:31:28,2025-12-11 17:31:28,Y
1048,359,276,6,2,19364.22,38728.44,2026-07-17 08:49:26,2026-11-20 08:49:26,Y
1049,359,197,36,4,64856.07,259424.28,2022-09-17 18:59:20,2023-02-12 18:59:20,Y
1050,359,270,35,1,74270.32,74270.32,2023-11-13 10:43:38,2024-05-10 10:43:38,Y
1051,360,186,21,1,13598.74,13598.74,2022-01-09 21:42:44,2022-03-02 21:42:44,Y
1052,360,186,21,1,13598.74,13598.74,2026-01-12 10:30:35,2026-02-15 10:30:35,Y
1053,361,179,16,2,24952.35,49904.7,2025-01-26 03:33:44,2025-08-13 03:33:44,Y
1054,362,236,16,4,15136.2,60544.8,2023-03-24 19:52:31,2023-08-12 19:52:31,Y
1055,362,125,21,1,11941.8,11941.8,2023-10-17 17:43:01,2023-12-13 17:43:01,Y
1056,362,71,12,2,43866.13,87732.26,2022-12-31 05:44:06,2023-06-27 05:44:06,Y
1057,363,14,2,1,82388.98,82388.98,2025-08-12 12:34:45,2025-11-15 12:34:45,Y
1058,363,55,20,2,30108.56,60217.12,2022-08-18 04:42:42,2022-12-18 04:42:42,Y
1059,363,16,20,2,21284.04,42568.08,2023-04-02 08:39:50,2023-07-04 08:39:50,Y
1060,363,41,12,1,27945.83,27945.83,2024-02-01 07:56:23,2024-02-20 07:56:23,Y
1061,364,214,25,2,71185.73,142371.46,2023-04-11 03:43:30,2023-10-23 03:43:30,Y
1062,364,241,22,3,46995.11,140985.33,2023-03-12 07:32:15,2023-09-19 07:32:15,Y
1063,364,241,22,3,46995.11,140985.33,2025-07-02 13:20:24,2026-01-02 13:20:24,Y
1064,364,228,21,1,43214.07,43214.07,2022-02-11 00:57:57,2022-04-25 00:57:57,Y
1065,364,80,10,1,85186.91,85186.91,2022-07-06 09:59:01,2022-12-17 09:59:01,Y
1066,365,89,24,1,45757.03,45757.03,2026-04-13 16:25:36,2026-05-24 16:25:36,Y
1067,365,203,40,4,82164.08,328656.32,2025-08-09 03:27:13,2026-01-30 03:27:13,Y
1068,365,284,39,3,25784.89,77354.67,2024-03-12 17:55:38,2024-08-05 17:55:38,Y
1069,365,117,34,3,14743.63,44230.89,2025-08-09 07:08:38,2025-09-18 07:08:38,Y
1070,365,48,26,2,18556.2,37112.4,2026-06-09 05:56:10,2026-09-13 05:56:10,Y
1071,366,206,7,4,17434.5,69738.0,2022-06-23 23:25:33,2022-08-18 23:25:33,Y
1072,366,95,21,4,35959.52,143838.08,2022-08-28 21:08:17,2023-02-21 21:08:17,Y
1073,367,161,40,2,74462.69,148925.38,2025-06-12 14:26:09,2025-09-17 14:26:09,Y
1074,367,28,34,4,86768.55,347074.2,2025-02-28 03:25:02,2025-08-12 03:25:02,Y
1075,367,100,19,1,29646.21,29646.21,2024-04-18 14:39:40,2024-05-15 14:39:40,Y
1076,367,40,40,3,50194.23,150582.69,2025-01-31 20:59:36,2025-07-04 20:59:36,Y
1077,368,123,20,1,72698.97,72698.97,2024-05-26 18:52:26,2024-07-06 18:52:26,Y
1078,369,109,9,3,15703.54,47110.62,2022-02-04 02:30:18,2022-08-16 02:30:18,Y
1079,370,283,28,1,22450.22,22450.22,2023-09-19 17:46:28,2024-02-29 17:46:28,Y
1080,370,124,4,1,43684.75,43684.75,2024-04-16 06:37:18,2024-05-07 06:37:18,Y
1081,371,248,32,3,53806.98,161420.94,2022-05-22 22:11:36,2022-06-03 22:11:36,Y
1082,371,48,26,3,18556.2,55668.6,2024-08-16 19:14:46,2024-08-18 19:14:46,Y
1083,371,145,25,2,82107.75,164215.5,2025-05-21 23:12:02,2025-09-26 23:12:02,Y
1084,371,162,7,3,29258.43,87775.29,2025-04-28 16:19:36,2025-10-30 16:19:36,Y
1085,371,67,7,4,25715.4,102861.6,2022-10-30 13:10:01,2023-01-22 13:10:01,Y
1086,372,52,37,2,63912.01,127824.02,2026-04-10 05:02:23,2026-10-25 05:02:23,Y
1087,372,13,17,1,84637.21,84637.21,2025-04-02 04:18:57,2025-08-02 04:18:57,Y
1088,372,149,26,4,72453.5,289814.0,2023-05-16 21:39:31,2023-06-23 21:39:31,Y
1089,372,41,12,2,27945.83,55891.66,2022-10-17 20:16:15,2023-04-18 20:16:15,Y
1090,372,111,12,2,20335.9,40671.8,2023-03-14 15:28:42,2023-09-26 15:28:42,Y
1091,373,265,18,3,63187.1,189561.3,2026-06-14 19:06:46,2026-12-27 19:06:46,Y
1092,373,230,25,3,32977.4,98932.2,2023-02-12 14:48:01,2023-05-09 14:48:01,Y
1093,373,185,28,4,87510.66,350042.64,2025-08-31 18:20:26,2025-09-10 18:20:26,Y
1094,373,123,20,1,72698.97,72698.97,2023-10-11 18:47:42,2024-03-15 18:47:42,Y
1095,373,79,34,1,7730.99,7730.99,2026-03-26 17:59:27,2026-04-19 17:59:27,Y
1096,374,159,18,1,29894.43,29894.43,2026-08-27 21:25:14,2027-03-15 21:25:14,Y
1097,374,256,6,3,68541.88,205625.64,2022-10-20 09:38:52,2023-02-13 09:38:52,Y
1098,375,152,4,3,57486.42,172459.26,2023-05-17 16:15:40,2023-06-03 16:15:40,Y
1099,375,296,34,1,15192.27,15192.27,2025-02-02 19:43:09,2025-05-03 19:43:09,Y
1100,376,92,38,4,12179.18,48716.72,2025-12-02 11:21:00,2026-02-06 11:21:00,Y
1101,377,227,40,4,39731.02,158924.08,2023-03-13 08:30:19,2023-04-13 08:30:19,Y
1102,377,21,6,4,57625.46,230501.84,2025-02-03 06:26:40,2025-04-17 06:26:40,Y
1103,377,210,22,3,82738.87,248216.61,2023-02-05 17:45:42,2023-05-28 17:45:42,Y
1104,378,161,40,4,74462.69,297850.76,2025-03-06 23:49:53,2025-03-27 23:49:53,Y
1105,378,260,16,1,23799.81,23799.81,2025-10-30 09:18:45,2026-01-05 09:18:45,Y
1106,378,30,39,1,24895.44,24895.44,2024-01-31 14:51:45,2024-07-28 14:51:45,Y
1107,378,80,10,4,85186.91,340747.64,2022-11-24 03:35:19,2023-02-06 03:35:19,Y
1108,378,82,15,2,75557.03,151114.06,2025-05-25 12:30:20,2025-06-12 12:30:20,Y
1109,379,237,22,4,1146.19,4584.76,2022-10-18 12:05:52,2023-01-15 12:05:52,Y
1110,379,240,27,1,74851.33,74851.33,2026-07-21 13:07:21,2026-11-17 13:07:21,Y
1111,379,44,21,1,7828.14,7828.14,2023-07-15 02:09:21,2024-01-18 02:09:21,Y
1112,379,204,35,4,1701.01,6804.04,2025-09-07 15:21:01,2025-10-28 15:21:01,Y
1113,380,34,7,4,59925.69,239702.76,2024-09-12 18:28:26,2024-12-08 18:28:26,Y
1114,380,109,9,3,15703.54,47110.62,2026-01-19 13:29:50,2026-02-17 13:29:50,Y
1115,380,233,32,2,21932.5,43865.0,2022-04-29 22:32:16,2022-09-15 22:32:16,Y
1116,381,75,40,1,70584.27,70584.27,2023-10-26 05:29:15,2024-01-15 05:29:15,Y
1117,381,195,7,4,68593.28,274373.12,2022-07-13 20:54:01,2022-10-13 20:54:01,Y
1118,381,243,7,2,83706.04,167412.08,2023-10-26 01:48:38,2023-11-08 01:48:38,Y
1119,381,12,24,3,1448.9,4346.7,2025-08-06 23:13:37,2025-10-14 23:13:37,Y
1120,382,43,34,3,40936.39,122809.17,2023-03-17 08:44:36,2023-04-03 08:44:36,Y
1121,382,208,6,4,3044.27,12177.08,2022-09-11 20:40:23,2022-11-26 20:40:23,Y
1122,383,269,38,3,8563.12,25689.36,2023-10-28 04:49:06,2024-04-16 04:49:06,Y
1123,383,95,21,4,35959.52,143838.08,2022-06-16 23:18:55,2022-07-09 23:18:55,Y
1124,383,176,25,2,7405.45,14810.9,2024-07-11 10:50:24,2024-08-22 10:50:24,Y
1125,383,179,16,4,24952.35,99809.4,2025-07-26 02:26:28,2025-11-26 02:26:28,Y
1126,384,83,3,4,74832.72,299330.88,2025-09-19 00:58:28,2025-12-18 00:58:28,Y
1127,384,6,15,2,19865.61,39731.22,2023-09-09 21:42:18,2023-09-28 21:42:18,Y
1128,384,166,40,2,43139.73,86279.46,2024-09-10 09:05:26,2024-09-13 09:05:26,Y
1129,384,235,3,3,80615.04,241845.12,2023-04-04 05:23:48,2023-08-09 05:23:48,Y
1130,384,59,21,1,42308.11,42308.11,2025-06-16 14:23:03,2025-08-22 14:23:03,Y
1131,385,65,34,1,33681.11,33681.11,2025-10-28 00:22:21,2026-04-09 00:22:21,Y
1132,385,19,24,2,85558.85,171117.7,2023-11-11 05:41:42,2024-05-19 05:41:42,Y
1133,385,216,21,2,70561.62,141123.24,2026-08-24 15:08:24,2027-03-10 15:08:24,Y
1134,385,194,30,2,27895.32,55790.64,2023-11-03 12:21:50,2024-01-31 12:21:50,Y
1135,386,296,34,3,15192.27,45576.81,2022-02-14 15:34:50,2022-05-19 15:34:50,Y
1136,386,9,13,1,78905.16,78905.16,2024-07-27 02:36:40,2024-10-13 02:36:40,Y
1137,387,234,5,3,52484.51,157453.53,2025-07-10 10:05:00,2025-10-23 10:05:00,Y
1138,387,181,39,3,22176.13,66528.39,2026-08-13 09:16:20,2026-11-30 09:16:20,Y
1139,387,59,21,4,42308.11,169232.44,2023-07-01 05:37:39,2023-10-26 05:37:39,Y
1140,387,192,1,2,10733.99,21467.98,2023-07-04 14:15:33,2023-11-22 14:15:33,Y
1141,388,224,18,4,13303.95,53215.8,2025-03-31 11:25:25,2025-06-11 11:25:25,Y
1142,388,146,17,1,86167.9,86167.9,2022-11-05 06:45:24,2022-11-27 06:45:24,Y
1143,388,46,29,4,67992.89,271971.56,2022-02-21 00:50:52,2022-07-28 00:50:52,Y
1144,388,54,28,1,39322.75,39322.75,2026-03-23 06:38:03,2026-09-30 06:38:03,Y
1145,388,228,21,1,43214.07,43214.07,2026-04-13 21:21:19,2026-09-08 21:21:19,Y
1146,389,216,21,4,70561.62,282246.48,2023-10-21 06:15:23,2023-12-17 06:15:23,Y
1147,389,283,28,2,22450.22,44900.44,2025-03-29 23:22:18,2025-04-27 23:22:18,Y
1148,389,241,22,4,46995.11,187980.44,2023-01-22 14:57:39,2023-04-21 14:57:39,Y
1149,390,203,40,2,82164.08,164328.16,2022-01-24 15:04:47,2022-04-29 15:04:47,Y
1150,390,260,16,3,23799.81,71399.43,2024-05-31 03:04:42,2024-08-07 03:04:42,Y
1151,390,158,30,2,44552.34,89104.68,2025-07-12 11:30:18,2025-12-31 11:30:18,Y
1152,390,3,20,1,9776.46,9776.46,2025-07-11 23:35:06,2025-07-19 23:35:06,Y
1153,391,79,34,3,7730.99,23192.97,2025-03-09 05:42:55,2025-07-19 05:42:55,Y
1154,392,88,1,4,51444.6,205778.4,2025-08-29 00:35:30,2025-10-29 00:35:30,Y
1155,392,99,6,4,38867.52,155470.08,2025-05-06 23:53:46,2025-05-19 23:53:46,Y
1156,392,66,22,2,71071.58,142143.16,2025-04-27 23:12:21,2025-10-30 23:12:21,Y
1157,393,163,16,4,85871.33,343485.32,2026-05-27 02:58:28,2026-07-06 02:58:28,Y
1158,393,119,9,2,48105.33,96210.66,2022-11-06 09:04:05,2023-05-06 09:04:05,Y
1159,393,259,3,4,49261.52,197046.08,2023-01-03 18:30:37,2023-06-13 18:30:37,Y
1160,393,134,7,3,88812.53,266437.59,2026-09-14 19:37:22,2026-10-24 19:37:22,Y
1161,394,48,26,4,18556.2,74224.8,2022-10-17 18:22:23,2022-10-23 18:22:23,Y
1162,394,6,15,1,19865.61,19865.61,2023-04-21 12:07:55,2023-04-28 12:07:55,Y
1163,395,196,21,2,77793.82,155587.64,2022-03-20 13:44:58,2022-09-26 13:44:58,Y
1164,395,233,32,2,21932.5,43865.0,2025-01-17 15:27:49,2025-03-05 15:27:49,Y
1165,395,114,27,2,6821.81,13643.62,2024-07-11 12:08:49,2024-08-29 12:08:49,Y
1166,395,194,30,1,27895.32,27895.32,2024-03-20 06:46:33,2024-09-04 06:46:33,Y
1167,395,141,4,1,47275.06,47275.06,2022-09-15 18:11:49,2022-10-21 18:11:49,Y
1168,396,53,2,1,85294.76,85294.76,2022-12-11 15:39:13,2023-04-07 15:39:13,Y
1169,396,55,20,3,30108.56,90325.68,2023-03-17 16:00:47,2023-05-28 16:00:47,Y
1170,396,93,12,4,41922.14,167688.56,2022-10-16 05:57:54,2022-11-04 05:57:54,Y
1171,396,186,21,1,13598.74,13598.74,2023-10-09 03:33:01,2024-01-17 03:33:01,Y
1172,396,252,12,1,62469.28,62469.28,2022-03-10 05:13:49,2022-06-23 05:13:49,Y
1173,397,40,40,4,50194.23,200776.92,2023-10-16 08:48:14,2024-04-08 08:48:14,Y
1174,397,193,39,4,82377.36,329509.44,2024-09-01 06:35:15,2025-02-10 06:35:15,Y
1175,397,83,3,1,74832.72,74832.72,2023-07-13 15:20:22,2023-09-27 15:20:22,Y
1176,397,92,38,3,12179.18,36537.54,2022-04-08 17:07:03,2022-05-08 17:07:03,Y
1177,398,248,32,2,53806.98,107613.96,2026-08-25 20:42:33,2026-08-26 20:42:33,Y
1178,398,268,33,2,84281.98,168563.96,2024-03-01 16:58:16,2024-04-01 16:58:16,Y
1179,398,16,20,2,21284.04,42568.08,2026-07-24 03:38:24,2026-07-29 03:38:24,Y
1180,399,187,16,1,77206.2,77206.2,2022-12-23 15:14:51,2023-02-16 15:14:51,Y
1181,399,168,16,1,78606.53,78606.53,2023-03-07 12:09:24,2023-05-02 12:09:24,Y
1182,400,138,22,2,44187.23,88374.46,2024-04-30 06:03:06,2024-08-31 06:03:06,Y
1183,400,48,26,3,18556.2,55668.6,2024-12-18 22:01:25,2025-06-17 22:01:25,Y
1184,401,254,1,4,73405.39,293621.56,2025-09-16 19:08:19,2026-01-25 19:08:19,Y
1185,401,99,6,2,38867.52,77735.04,2024-02-17 00:17:49,2024-04-01 00:17:49,Y
1186,401,144,4,3,18818.29,56454.87,2025-05-05 11:13:26,2025-05-31 11:13:26,Y
1187,401,85,39,4,69899.3,279597.2,2023-10-02 11:55:52,2024-04-03 11:55:52,Y
1188,402,229,19,3,44291.46,132874.38,2025-08-09 12:08:41,2026-01-08 12:08:41,Y
1189,402,164,24,4,60166.19,240664.76,2022-12-01 04:11:18,2023-05-05 04:11:18,Y
1190,402,220,24,3,12098.13,36294.39,2023-09-13 12:15:36,2024-02-05 12:15:36,Y
1191,402,192,1,2,10733.99,21467.98,2022-07-19 16:02:20,2022-11-11 16:02:20,Y
1192,403,262,40,4,55529.38,222117.52,2024-02-26 05:47:38,2024-07-25 05:47:38,Y
1193,404,272,4,1,70592.3,70592.3,2024-12-30 09:54:45,2025-04-10 09:54:45,Y
1194,404,59,21,4,42308.11,169232.44,2023-07-13 22:37:55,2023-10-03 22:37:55,Y
1195,404,96,3,1,25891.76,25891.76,2025-01-16 11:21:52,2025-03-19 11:21:52,Y
1196,405,191,38,3,19687.08,59061.24,2025-03-01 15:40:02,2025-04-07 15:40:02,Y
1197,405,63,39,1,86202.47,86202.47,2022-01-30 22:17:19,2022-04-21 22:17:19,Y
1198,406,110,21,3,6030.53,18091.59,2025-12-16 20:59:46,2026-05-10 20:59:46,Y
1199,406,120,38,3,56277.23,168831.69,2022-07-25 18:51:00,2022-10-31 18:51:00,Y
1200,406,109,9,1,15703.54,15703.54,2026-06-27 03:31:52,2026-08-21 03:31:52,Y
1201,407,143,10,4,37050.89,148203.56,2022-08-21 11:17:47,2023-01-14 11:17:47,Y
1202,407,223,36,2,46994.19,93988.38,2024-09-14 07:38:22,2024-12-04 07:38:22,Y
1203,407,101,28,4,31767.92,127071.68,2022-06-04 06:53:54,2022-10-08 06:53:54,Y
1204,407,24,10,1,71905.54,71905.54,2024-05-02 13:53:57,2024-08-17 13:53:57,Y
1205,407,64,6,3,3713.96,11141.88,2025-11-07 18:06:17,2025-12-20 18:06:17,Y
1206,408,197,36,1,64856.07,64856.07,2024-01-05 12:53:44,2024-05-31 12:53:44,Y
1207,408,146,17,1,86167.9,86167.9,2022-02-25 09:58:14,2022-08-08 09:58:14,Y
1208,408,237,22,4,1146.19,4584.76,2024-06-02 11:51:08,2024-07-05 11:51:08,Y
1209,408,19,24,1,85558.85,85558.85,2026-07-16 10:10:58,2026-11-28 10:10:58,Y
1210,408,173,2,4,67172.24,268688.96,2022-02-20 13:21:01,2022-03-09 13:21:01,Y
1211,409,213,20,3,51088.29,153264.87,2024-07-24 04:03:29,2024-10-02 04:03:29,Y
1212,410,205,2,3,38864.47,116593.41,2022-09-05 19:52:27,2023-01-25 19:52:27,Y
1213,410,253,11,3,17000.45,51001.35,2022-05-27 06:00:01,2022-09-04 06:00:01,Y
1214,410,233,32,1,21932.5,21932.5,2026-03-13 17:50:41,2026-08-24 17:50:41,Y
1215,411,53,2,1,85294.76,85294.76,2022-04-01 23:53:07,2022-05-28 23:53:07,Y
1216,411,6,15,3,19865.61,59596.83,2023-03-08 00:47:19,2023-04-03 00:47:19,Y
1217,411,224,18,1,13303.95,13303.95,2023-12-05 05:13:38,2024-01-17 05:13:38,Y
1218,412,189,22,1,76271.58,76271.58,2026-07-29 03:15:25,2026-07-30 03:15:25,Y
1219,412,133,19,1,40640.82,40640.82,2022-05-14 19:59:34,2022-06-11 19:59:34,Y
1220,413,39,36,4,25214.43,100857.72,2024-03-30 08:55:13,2024-06-22 08:55:13,Y
1221,413,139,24,4,88193.84,352775.36,2023-06-14 05:22:07,2023-07-19 05:22:07,Y
1222,413,62,36,2,40585.09,81170.18,2023-01-28 08:46:07,2023-04-19 08:46:07,Y
1223,414,212,21,1,13147.4,13147.4,2025-10-20 02:18:42,2026-04-09 02:18:42,Y
1224,414,268,33,4,84281.98,337127.92,2026-06-28 03:52:55,2026-08-28 03:52:55,Y
1225,414,251,24,4,35083.0,140332.0,2024-05-21 14:41:53,2024-08-11 14:41:53,Y
1226,414,116,38,3,39048.12,117144.36,2022-10-13 05:03:26,2022-12-19 05:03:26,Y
1227,414,43,34,2,40936.39,81872.78,2025-01-01 18:18:38,2025-05-23 18:18:38,Y
1228,415,40,40,1,50194.23,50194.23,2022-08-22 11:10:20,2022-12-26 11:10:20,Y
1229,415,109,9,2,15703.54,31407.08,2022-02-10 18:54:08,2022-07-31 18:54:08,Y
1230,416,198,15,1,45036.27,45036.27,2023-08-07 20:08:20,2023-12-09 20:08:20,Y
1231,416,175,3,3,69252.69,207758.07,2023-10-11 06:55:33,2024-03-10 06:55:33,Y
1232,416,160,12,2,71209.94,142419.88,2025-11-11 14:19:53,2026-04-27 14:19:53,Y
1233,416,259,3,2,49261.52,98523.04,2022-11-25 06:36:57,2022-12-28 06:36:57,Y
1234,417,198,15,2,45036.27,90072.54,2025-11-06 15:46:01,2026-04-13 15:46:01,Y
1235,417,205,2,3,38864.47,116593.41,2023-08-07 22:49:37,2023-08-24 22:49:37,Y
1236,417,217,36,3,61235.6,183706.8,2023-05-26 03:21:54,2023-11-17 03:21:54,Y
1237,418,53,2,1,85294.76,85294.76,2023-04-03 14:43:06,2023-07-30 14:43:06,Y
1238,418,57,7,4,15779.21,63116.84,2024-01-18 09:38:14,2024-01-22 09:38:14,Y
1239,418,96,3,4,25891.76,103567.04,2024-04-08 18:49:08,2024-04-15 18:49:08,Y
1240,418,272,4,3,70592.3,211776.9,2025-11-07 07:21:11,2026-02-05 07:21:11,Y
1241,418,61,19,3,55426.75,166280.25,2026-09-06 17:39:36,2026-09-27 17:39:36,Y
1242,419,109,9,4,15703.54,62814.16,2023-04-13 23:02:40,2023-07-23 23:02:40,Y
1243,419,261,8,4,19046.06,76184.24,2024-11-02 21:25:16,2024-11-15 21:25:16,Y
1244,419,140,31,1,87489.71,87489.71,2025-02-22 20:50:45,2025-03-19 20:50:45,Y
1245,419,196,21,3,77793.82,233381.46,2025-08-05 22:28:23,2025-09-23 22:28:23,Y
1246,420,207,26,3,41417.0,124251.0,2023-07-03 19:36:49,2023-12-02 19:36:49,Y
1247,420,272,4,4,70592.3,282369.2,2026-03-14 14:41:37,2026-07-24 14:41:37,Y
1248,421,26,4,2,47441.48,94882.96,2024-02-13 10:37:41,2024-03-12 10:37:41,Y
1249,422,28,34,3,86768.55,260305.65,2022-04-21 21:05:12,2022-09-15 21:05:12,Y
1250,423,34,7,3,59925.69,179777.07,2026-07-12 06:37:02,2026-08-06 06:37:02,Y
1251,423,116,38,4,39048.12,156192.48,2025-06-10 22:08:06,2025-09-18 22:08:06,Y
1252,424,113,40,2,27973.31,55946.62,2024-04-13 11:26:00,2024-08-17 11:26:00,Y
1253,425,105,10,3,33605.8,100817.4,2024-12-16 01:24:13,2025-05-28 01:24:13,Y
1254,425,148,23,2,24755.49,49510.98,2022-01-10 15:39:54,2022-02-03 15:39:54,Y
1255,426,245,12,2,39004.67,78009.34,2024-08-06 14:37:17,2025-01-29 14:37:17,Y
1256,426,88,1,1,51444.6,51444.6,2024-09-06 00:29:26,2025-02-27 00:29:26,Y
1257,426,86,16,4,56127.39,224509.56,2023-08-06 01:24:42,2023-10-30 01:24:42,Y
1258,426,73,22,4,11967.2,47868.8,2022-02-09 13:34:39,2022-07-29 13:34:39,Y
1259,426,220,24,2,12098.13,24196.26,2024-11-03 20:52:59,2024-11-08 20:52:59,Y
1260,427,40,40,1,50194.23,50194.23,2023-06-15 10:11:12,2023-12-05 10:11:12,Y
1261,427,181,39,1,22176.13,22176.13,2026-01-12 03:20:15,2026-06-10 03:20:15,Y
1262,427,251,24,1,35083.0,35083.0,2024-02-08 23:42:54,2024-06-07 23:42:54,Y
1263,428,9,13,2,78905.16,157810.32,2024-06-22 01:04:24,2024-08-19 01:04:24,Y
1264,429,49,17,3,893.15,2679.45,2022-11-07 15:58:43,2023-01-23 15:58:43,Y
1265,429,232,14,3,74848.11,224544.33,2026-03-05 10:23:56,2026-09-09 10:23:56,Y
1266,430,132,26,3,4792.96,14378.88,2026-02-20 11:34:15,2026-04-25 11:34:15,Y
1267,430,235,3,3,80615.04,241845.12,2022-02-12 03:11:07,2022-05-13 03:11:07,Y
1268,430,171,14,4,8365.56,33462.24,2026-05-28 20:16:55,2026-12-12 20:16:55,Y
1269,430,58,32,1,68435.97,68435.97,2024-04-18 15:59:40,2024-10-10 15:59:40,Y
1270,430,76,31,2,61110.95,122221.9,2025-06-28 19:35:52,2025-08-23 19:35:52,Y
1271,431,255,32,4,37522.61,150090.44,2022-04-07 00:25:10,2022-06-08 00:25:10,Y
1272,431,185,28,1,87510.66,87510.66,2023-10-03 23:24:13,2024-04-10 23:24:13,Y
1273,431,100,19,1,29646.21,29646.21,2025-03-19 17:11:18,2025-08-29 17:11:18,Y
1274,432,279,21,2,34567.35,69134.7,2025-10-27 19:57:00,2026-03-10 19:57:00,Y
1275,432,136,22,4,41236.57,164946.28,2024-12-19 19:46:21,2025-03-13 19:46:21,Y
1276,432,214,25,2,71185.73,142371.46,2024-05-08 06:28:44,2024-07-26 06:28:44,Y
1277,433,297,8,3,72677.28,218031.84,2026-06-04 19:48:23,2026-11-30 19:48:23,Y
1278,434,63,39,3,86202.47,258607.41,2025-09-08 17:05:30,2026-01-02 17:05:30,Y
1279,434,148,23,4,24755.49,99021.96,2022-12-09 08:24:16,2022-12-11 08:24:16,Y
1280,434,76,31,2,61110.95,122221.9,2025-12-19 19:09:03,2026-06-11 19:09:03,Y
1281,434,268,33,2,84281.98,168563.96,2024-06-19 07:41:43,2024-11-25 07:41:43,Y
1282,434,156,27,1,89745.03,89745.03,2026-02-21 12:17:17,2026-05-05 12:17:17,Y
1283,435,8,38,2,8292.98,16585.96,2025-11-11 02:07:08,2025-11-21 02:07:08,Y
1284,435,145,25,4,82107.75,328431.0,2023-01-19 12:02:16,2023-02-01 12:02:16,Y
1285,435,157,19,3,26994.62,80983.86,2022-01-16 19:33:22,2022-05-06 19:33:22,Y
1286,436,26,4,3,47441.48,142324.44,2024-02-21 04:14:16,2024-03-27 04:14:16,Y
1287,437,258,33,3,24255.42,72766.26,2023-04-27 16:23:50,2023-05-19 16:23:50,Y
1288,437,74,40,1,39502.07,39502.07,2023-09-04 05:03:32,2023-12-23 05:03:32,Y
1289,437,149,26,4,72453.5,289814.0,2023-11-11 23:13:05,2023-11-19 23:13:05,Y
1290,438,128,37,4,68727.3,274909.2,2025-04-15 00:12:15,2025-08-01 00:12:15,Y
1291,438,51,26,3,39371.52,118114.56,2024-03-22 17:01:31,2024-06-07 17:01:31,Y
1292,438,89,24,3,45757.03,137271.09,2025-09-16 00:48:59,2026-03-08 00:48:59,Y
1293,439,72,5,2,45789.54,91579.08,2023-09-12 20:17:43,2023-11-15 20:17:43,Y
1294,439,214,25,3,71185.73,213557.19,2026-09-19 02:23:36,2026-11-09 02:23:36,Y
1295,439,157,19,4,26994.62,107978.48,2022-09-23 22:38:38,2022-12-08 22:38:38,Y
1296,439,280,10,4,960.03,3840.12,2023-07-24 17:13:13,2023-10-28 17:13:13,Y
1297,439,50,25,4,45122.56,180490.24,2023-03-07 15:30:05,2023-07-19 15:30:05,Y
1298,440,258,33,3,24255.42,72766.26,2025-01-15 21:31:51,2025-05-14 21:31:51,Y
1299,440,219,10,4,32589.88,130359.52,2025-12-20 12:40:48,2026-04-06 12:40:48,Y
1300,440,237,22,1,1146.19,1146.19,2022-03-27 23:26:37,2022-08-17 23:26:37,Y
1301,441,46,29,3,67992.89,203978.67,2023-03-13 18:49:17,2023-08-17 18:49:17,Y
1302,441,125,21,2,11941.8,23883.6,2026-05-11 08:54:24,2026-08-14 08:54:24,Y
1303,441,279,21,4,34567.35,138269.4,2024-06-30 09:15:12,2024-07-13 09:15:12,Y
1304,441,65,34,1,33681.11,33681.11,2025-06-05 21:32:33,2025-11-23 21:32:33,Y
1305,442,266,21,1,75950.3,75950.3,2025-11-30 20:32:47,2025-12-13 20:32:47,Y
1306,442,29,28,1,64172.64,64172.64,2024-04-19 09:41:46,2024-10-02 09:41:46,Y
1307,442,171,14,4,8365.56,33462.24,2022-10-30 14:36:00,2023-01-12 14:36:00,Y
1308,442,170,37,1,29663.96,29663.96,2022-07-09 02:24:22,2022-08-09 02:24:22,Y
1309,443,265,18,4,63187.1,252748.4,2023-03-24 20:44:40,2023-08-14 20:44:40,Y
1310,443,70,34,2,38220.89,76441.78,2023-11-26 12:37:02,2024-05-16 12:37:02,Y
1311,444,160,12,2,71209.94,142419.88,2022-01-21 01:00:22,2022-05-25 01:00:22,Y
1312,444,59,21,2,42308.11,84616.22,2022-07-28 14:28:31,2022-07-28 14:28:31,Y
1313,444,62,36,2,40585.09,81170.18,2026-06-04 00:46:46,2026-06-28 00:46:46,Y
1314,445,54,28,4,39322.75,157291.0,2026-01-11 20:47:38,2026-01-17 20:47:38,Y
1315,445,201,3,3,4555.59,13666.77,2022-06-22 21:48:01,2022-07-23 21:48:01,Y
1316,446,248,32,3,53806.98,161420.94,2023-07-26 19:18:38,2023-09-24 19:18:38,Y
1317,446,225,20,2,32628.02,65256.04,2023-01-18 18:11:56,2023-05-08 18:11:56,Y
1318,446,12,24,2,1448.9,2897.8,2023-07-29 04:16:20,2023-09-03 04:16:20,Y
1319,446,88,1,2,51444.6,102889.2,2026-05-09 05:19:21,2026-11-14 05:19:21,Y
1320,447,246,38,1,63484.26,63484.26,2024-06-20 02:39:57,2024-09-02 02:39:57,Y
1321,447,253,11,3,17000.45,51001.35,2025-02-15 06:48:40,2025-08-04 06:48:40,Y
1322,447,201,3,1,4555.59,4555.59,2025-04-13 16:52:58,2025-10-08 16:52:58,Y
1323,447,238,34,2,51855.14,103710.28,2025-07-19 06:03:12,2025-11-04 06:03:12,Y
1324,448,146,17,4,86167.9,344671.6,2025-11-21 02:31:30,2025-12-21 02:31:30,Y
1325,449,298,37,4,41075.76,164303.04,2024-07-29 15:32:21,2024-08-06 15:32:21,Y
1326,450,182,35,4,5267.67,21070.68,2023-03-09 19:13:24,2023-07-06 19:13:24,Y
1327,451,5,37,2,67070.26,134140.52,2023-05-07 20:47:12,2023-08-06 20:47:12,Y
1328,451,179,16,1,24952.35,24952.35,2026-06-20 06:59:12,2026-09-27 06:59:12,Y
1329,451,90,25,3,57282.24,171846.72,2023-04-16 09:24:16,2023-07-15 09:24:16,Y
1330,452,72,5,3,45789.54,137368.62,2024-05-14 18:32:42,2024-11-30 18:32:42,Y
1331,452,202,15,4,1019.9,4079.6,2022-07-31 22:06:51,2023-01-12 22:06:51,Y
1332,452,193,39,2,82377.36,164754.72,2026-01-05 16:24:07,2026-06-09 16:24:07,Y
1333,452,295,1,3,1218.28,3654.84,2026-04-25 03:11:06,2026-11-09 03:11:06,Y
1334,453,166,40,4,43139.73,172558.92,2024-12-17 11:51:39,2025-05-15 11:51:39,Y
1335,453,35,31,2,8571.06,17142.12,2022-05-20 14:09:33,2022-05-27 14:09:33,Y
1336,454,50,25,4,45122.56,180490.24,2022-11-27 00:22:10,2023-04-03 00:22:10,Y
1337,454,166,40,2,43139.73,86279.46,2023-12-21 08:28:07,2024-07-05 08:28:07,Y
1338,455,90,25,4,57282.24,229128.96,2025-04-08 07:20:18,2025-10-18 07:20:18,Y
1339,456,32,8,1,79017.02,79017.02,2024-02-18 05:25:46,2024-03-18 05:25:46,Y
1340,457,227,40,1,39731.02,39731.02,2025-03-08 23:28:46,2025-08-10 23:28:46,Y
1341,458,165,33,4,28124.82,112499.28,2022-12-01 11:47:10,2023-05-28 11:47:10,Y
1342,458,194,30,2,27895.32,55790.64,2023-02-18 21:21:08,2023-07-31 21:21:08,Y
1343,459,130,16,3,4568.5,13705.5,2026-03-06 19:17:43,2026-06-26 19:17:43,Y
1344,459,116,38,2,39048.12,78096.24,2023-09-18 02:01:04,2024-03-25 02:01:04,Y
1345,460,271,22,1,51038.56,51038.56,2023-08-21 10:36:55,2023-09-12 10:36:55,Y
1346,460,50,25,2,45122.56,90245.12,2023-09-25 09:00:48,2023-10-03 09:00:48,Y
1347,460,3,20,4,9776.46,39105.84,2025-01-22 02:48:41,2025-08-08 02:48:41,Y
1348,460,291,35,3,25115.6,75346.8,2026-08-26 04:01:16,2026-09-13 04:01:16,Y
1349,461,271,22,2,51038.56,102077.12,2026-03-22 13:31:29,2026-05-09 13:31:29,Y
1350,461,293,28,3,22153.28,66459.84,2026-01-11 20:04:58,2026-05-19 20:04:58,Y
1351,462,287,39,4,88821.05,355284.2,2023-03-05 08:35:44,2023-03-22 08:35:44,Y
1352,462,219,10,1,32589.88,32589.88,2025-03-14 13:24:27,2025-04-01 13:24:27,Y
1353,462,66,22,1,71071.58,71071.58,2026-05-27 00:43:19,2026-08-11 00:43:19,Y
1354,463,256,6,3,68541.88,205625.64,2023-12-18 08:48:24,2023-12-31 08:48:24,Y
1355,464,115,30,4,11723.45,46893.8,2024-06-19 16:14:52,2024-08-22 16:14:52,Y
1356,465,35,31,1,8571.06,8571.06,2023-05-06 11:07:10,2023-07-18 11:07:10,Y
1357,465,274,20,3,58981.0,176943.0,2024-01-20 23:58:09,2024-05-31 23:58:09,Y
1358,465,205,2,1,38864.47,38864.47,2022-06-25 23:59:44,2022-11-11 23:59:44,Y
1359,466,242,29,1,4211.54,4211.54,2024-03-28 06:39:30,2024-09-11 06:39:30,Y
1360,466,17,24,3,85147.47,255442.41,2024-11-16 06:28:48,2025-03-03 06:28:48,Y
1361,466,103,33,1,14565.81,14565.81,2024-11-05 09:12:10,2025-05-19 09:12:10,Y
1362,466,72,5,3,45789.54,137368.62,2023-09-27 12:44:20,2024-02-14 12:44:20,Y
1363,466,32,8,1,79017.02,79017.02,2024-01-03 00:53:31,2024-05-08 00:53:31,Y
1364,467,19,24,4,85558.85,342235.4,2024-12-10 12:06:52,2024-12-28 12:06:52,Y
1365,467,42,10,2,6447.77,12895.54,2026-09-10 05:14:48,2027-01-10 05:14:48,Y
1366,467,139,24,1,88193.84,88193.84,2022-05-10 16:25:58,2022-06-05 16:25:58,Y
1367,467,255,32,3,37522.61,112567.83,2026-04-27 01:43:03,2026-06-23 01:43:03,Y
1368,467,221,36,2,2557.32,5114.64,2026-01-23 19:53:05,2026-04-10 19:53:05,Y
1369,468,29,28,2,64172.64,128345.28,2022-03-23 21:04:59,2022-10-07 21:04:59,Y
1370,469,195,7,4,68593.28,274373.12,2022-02-26 05:15:02,2022-07-17 05:15:02,Y
1371,469,27,24,4,40789.09,163156.36,2025-04-17 18:06:59,2025-10-30 18:06:59,Y
1372,469,65,34,4,33681.11,134724.44,2025-08-28 02:08:40,2026-02-23 02:08:40,Y
1373,469,282,6,4,67768.62,271074.48,2023-03-05 00:54:29,2023-04-03 00:54:29,Y
1374,469,61,19,2,55426.75,110853.5,2025-02-16 10:20:45,2025-05-17 10:20:45,Y
1375,470,224,18,2,13303.95,26607.9,2022-06-29 23:00:54,2022-08-28 23:00:54,Y
1376,470,48,26,4,18556.2,74224.8,2022-02-01 05:21:23,2022-03-31 05:21:23,Y
1377,470,275,11,2,27633.73,55267.46,2022-05-23 05:34:58,2022-05-26 05:34:58,Y
1378,471,40,40,4,50194.23,200776.92,2022-06-26 00:28:20,2022-07-28 00:28:20,Y
1379,472,145,25,3,82107.75,246323.25,2022-05-16 19:57:24,2022-08-04 19:57:24,Y
1380,472,126,16,4,40572.72,162290.88,2024-06-27 11:52:23,2024-07-30 11:52:23,Y
1381,473,63,39,3,86202.47,258607.41,2022-08-27 14:54:33,2022-09-15 14:54:33,Y
1382,473,279,21,3,34567.35,103702.05,2023-10-02 14:06:20,2024-02-05 14:06:20,Y
1383,473,113,40,3,27973.31,83919.93,2025-10-10 00:52:35,2026-04-10 00:52:35,Y
1384,473,188,36,2,47792.26,95584.52,2026-09-10 03:47:59,2026-11-23 03:47:59,Y
1385,474,137,21,1,14791.68,14791.68,2024-09-17 15:50:47,2025-03-14 15:50:47,Y
1386,474,28,34,4,86768.55,347074.2,2024-12-12 23:00:45,2025-03-27 23:00:45,Y
1387,474,144,4,2,18818.29,37636.58,2022-09-01 17:21:49,2022-10-23 17:21:49,Y
1388,474,267,18,2,40787.86,81575.72,2023-12-18 06:00:16,2024-03-05 06:00:16,Y
1389,474,63,39,2,86202.47,172404.94,2025-03-02 23:24:35,2025-09-03 23:24:35,Y
1390,475,121,3,4,4281.47,17125.88,2025-09-29 21:27:46,2026-03-14 21:27:46,Y
1391,476,11,5,3,77439.63,232318.89,2026-03-31 01:14:19,2026-04-08 01:14:19,Y
1392,477,197,36,1,64856.07,64856.07,2024-07-22 08:24:19,2024-08-12 08:24:19,Y
1393,477,143,10,1,37050.89,37050.89,2025-04-07 20:21:44,2025-08-11 20:21:44,Y
1394,477,196,21,1,77793.82,77793.82,2025-04-10 02:34:14,2025-08-01 02:34:14,Y
1395,478,106,24,4,25225.34,100901.36,2025-03-24 12:40:10,2025-05-10 12:40:10,Y
1396,478,273,29,3,18367.17,55101.51,2022-06-12 08:45:42,2022-11-28 08:45:42,Y
1397,479,278,9,3,34598.68,103796.04,2024-12-16 14:11:09,2024-12-22 14:11:09,Y
1398,480,111,12,4,20335.9,81343.6,2022-03-26 23:00:05,2022-06-21 23:00:05,Y
1399,480,219,10,4,32589.88,130359.52,2022-06-27 11:04:15,2022-07-24 11:04:15,Y
1400,480,148,23,4,24755.49,99021.96,2026-07-20 10:41:55,2026-11-15 10:41:55,Y
1401,481,291,35,2,25115.6,50231.2,2026-06-01 04:56:50,2026-08-06 04:56:50,Y
1402,481,196,21,2,77793.82,155587.64,2025-12-22 22:50:04,2026-06-30 22:50:04,Y
1403,481,68,6,3,82522.83,247568.49,2022-02-17 04:09:27,2022-04-29 04:09:27,Y
1404,481,44,21,3,7828.14,23484.42,2024-02-16 12:19:35,2024-08-31 12:19:35,Y
1405,481,173,2,3,67172.24,201516.72,2025-05-10 23:35:55,2025-05-19 23:35:55,Y
1406,482,138,22,1,44187.23,44187.23,2024-02-18 07:37:24,2024-09-05 07:37:24,Y
1407,482,64,6,3,3713.96,11141.88,2024-08-11 11:45:40,2025-01-03 11:45:40,Y
1408,482,136,22,4,41236.57,164946.28,2023-07-10 11:07:50,2023-10-31 11:07:50,Y
1409,483,226,40,1,12365.96,12365.96,2022-01-28 13:26:50,2022-05-27 13:26:50,Y
1410,484,246,38,1,63484.26,63484.26,2023-11-08 19:30:50,2024-02-20 19:30:50,Y
1411,484,297,8,3,72677.28,218031.84,2022-09-05 03:26:47,2022-11-14 03:26:47,Y
1412,484,33,29,3,30635.06,91905.18,2025-09-30 09:33:03,2025-11-15 09:33:03,Y
1413,485,133,19,2,40640.82,81281.64,2026-03-18 16:34:32,2026-04-19 16:34:32,Y
1414,485,90,25,1,57282.24,57282.24,2023-04-02 09:47:26,2023-09-07 09:47:26,Y
1415,485,120,38,1,56277.23,56277.23,2022-12-22 13:45:15,2023-06-07 13:45:15,Y
1416,486,260,16,3,23799.81,71399.43,2025-09-29 23:48:35,2026-02-24 23:48:35,Y
1417,486,22,16,2,18626.46,37252.92,2026-09-16 09:04:15,2027-03-18 09:04:15,Y
1418,487,133,19,3,40640.82,121922.46,2024-03-10 20:29:47,2024-03-14 20:29:47,Y
1419,488,23,38,1,69737.3,69737.3,2023-12-31 04:15:59,2024-03-29 04:15:59,Y
1420,488,40,40,1,50194.23,50194.23,2026-04-25 00:01:56,2026-08-16 00:01:56,Y
1421,488,262,40,2,55529.38,111058.76,2022-08-29 15:06:26,2022-10-28 15:06:26,Y
1422,488,167,36,4,48468.09,193872.36,2025-02-27 18:33:39,2025-08-20 18:33:39,Y
1423,488,37,28,2,87161.2,174322.4,2025-08-18 00:18:19,2025-10-29 00:18:19,Y
1424,489,168,16,4,78606.53,314426.12,2025-01-24 08:56:30,2025-04-19 08:56:30,Y
1425,490,241,22,1,46995.11,46995.11,2024-07-02 14:55:45,2024-12-08 14:55:45,Y
1426,490,83,3,3,74832.72,224498.16,2025-02-18 06:34:52,2025-03-01 06:34:52,Y
1427,490,77,19,2,47564.89,95129.78,2022-03-21 08:02:57,2022-04-17 08:02:57,Y
1428,491,262,40,3,55529.38,166588.14,2026-04-28 20:48:59,2026-11-14 20:48:59,Y
1429,491,111,12,1,20335.9,20335.9,2025-03-23 00:20:04,2025-08-19 00:20:04,Y
1430,491,77,19,1,47564.89,47564.89,2025-03-30 00:06:16,2025-10-11 00:06:16,Y
1431,492,115,30,4,11723.45,46893.8,2026-04-14 07:22:27,2026-09-08 07:22:27,Y
1432,493,63,39,4,86202.47,344809.88,2026-06-28 16:22:09,2026-07-11 16:22:09,Y
1433,493,269,38,3,8563.12,25689.36,2026-06-05 15:03:51,2026-09-25 15:03:51,Y
1434,493,138,22,3,44187.23,132561.69,2023-08-29 22:00:47,2024-01-23 22:00:47,Y
1435,493,125,21,3,11941.8,35825.4,2024-10-18 04:29:34,2024-12-19 04:29:34,Y
1436,493,119,9,1,48105.33,48105.33,2025-11-17 04:29:24,2026-02-05 04:29:24,Y
1437,494,228,21,1,43214.07,43214.07,2025-06-27 14:17:03,2025-09-27 14:17:03,Y
1438,494,181,39,3,22176.13,66528.39,2026-04-20 23:30:29,2026-05-09 23:30:29,Y
1439,495,118,34,2,22703.36,45406.72,2025-10-26 21:28:55,2026-02-10 21:28:55,Y
1440,495,292,10,2,52861.06,105722.12,2023-01-25 05:38:51,2023-06-11 05:38:51,Y
1441,495,209,31,3,63314.49,189943.47,2023-03-06 04:28:34,2023-08-08 04:28:34,Y
1442,495,147,20,1,18812.55,18812.55,2024-11-27 05:26:23,2025-02-15 05:26:23,Y
1443,496,210,22,2,82738.87,165477.74,2025-08-01 01:43:11,2025-12-08 01:43:11,Y
1444,497,254,1,4,73405.39,293621.56,2023-09-08 11:43:15,2023-10-24 11:43:15,Y
1445,497,8,38,4,8292.98,33171.92,2023-06-03 03:20:35,2023-07-03 03:20:35,Y
1446,497,135,10,4,36243.56,144974.24,2026-09-20 00:23:27,2027-03-21 00:23:27,Y
1447,497,52,37,4,63912.01,255648.04,2023-01-28 16:54:51,2023-02-05 16:54:51,Y
1448,497,13,17,2,84637.21,169274.42,2023-06-03 15:37:22,2023-06-21 15:37:22,Y
1449,498,272,4,3,70592.3,211776.9,2025-04-20 19:53:13,2025-08-06 19:53:13,Y
1450,498,66,22,2,71071.58,142143.16,2025-06-03 22:58:03,2025-11-28 22:58:03,Y
1451,498,151,18,3,24590.61,73771.83,2023-01-05 19:29:36,2023-04-01 19:29:36,Y
1452,498,56,8,3,81550.86,244652.58,2022-05-21 13:10:02,2022-06-08 13:10:02,Y
1453,498,230,25,4,32977.4,131909.6,2025-06-24 07:54:33,2025-12-02 07:54:33,Y
1454,499,149,26,2,72453.5,144907.0,2026-01-22 07:36:19,2026-07-20 07:36:19,Y
1455,499,94,5,2,3520.14,7040.28,2026-05-02 13:40:39,2026-05-23 13:40:39,Y
1456,499,4,19,4,88018.41,352073.64,2025-02-23 03:47:50,2025-08-14 03:47:50,Y
1457,499,195,7,2,68593.28,137186.56,2024-09-22 13:30:19,2025-01-12 13:30:19,Y
1458,500,144,4,3,18818.29,56454.87,2022-10-29 01:17:01,2022-12-27 01:17:01,Y
1459,500,253,11,4,17000.45,68001.8,2024-11-25 19:32:35,2024-12-07 19:32:35,Y
1460,500,147,20,3,18812.55,56437.65,2024-09-29 21:43:05,2025-01-05 21:43:05,Y
1461,500,92,38,2,12179.18,24358.36,2023-03-21 21:30:34,2023-03-31 21:30:34,Y
1462,500,221,36,3,2557.32,7671.96,2026-06-01 21:30:32,2026-08-11 21:30:32,Y
